website,item,product,seller,time,price
BolCom,sneakers,Vans Ward Suede/Canvas Dames Sneakers - Black/White - Maat 38.5,Nelson Schoenen,2021-07-13 14:09:32,69.99
BolCom,sneakers,Nike Air Force 1 (PS) Sneakers Kinderen - White/White-White,Sneakersenzo.nl,2021-07-13 14:09:32,69.89
BolCom,sneakers,NoGRZ A.B.Mullett - Leren heren sneakers - Wit - Maat 43,ToExplore,2021-07-13 14:09:32,52.76
BolCom,sneakers,PME Legend - Heren Sneakers Falcon Navy - Blauw - Maat 40,Fashionforless.nl,2021-07-13 14:09:32,76.95
BolCom,sneakers,Skechers Uno Stand On Air Dames Sneakers - White - Maat 39,Schuurman Schoenen,2021-07-13 14:09:32,69.99
BolCom,sneakers,Converse Chuck Taylor All Star Sneakers Hoog Unisex - Optical White - Maat 38,Omoda,2021-07-13 14:09:32,69.95
BolCom,sneakers,Nike Revolution 4 (GS) Sneakers - Maat 38.5 - Unisex - zwart,Plutosport.nl,2021-07-13 14:09:32,48.30
BolCom,sneakers,Skechers Dames Sneakers - Wit - Maat 39,Nelson Schoenen,2021-07-13 14:09:32,59.99
BolCom,sneakers,Sneakers Nike P-6000 - White - Unisex - Maat 40,MT Sportshop,2021-07-13 14:09:32,85.00
BolCom,sneakers,Vans Ward Platform Canvas Dames Sneakers - Black/White - Maat 40,Shoetime,2021-07-13 14:09:32,53.49
BolCom,sneakers,adidas Heren Grijze VS Pace - Maat 43 1/3,Avantisport.nl,2021-07-13 14:09:32,55.90
BolCom,sneakers,Skechers Graceful Get Connected Dames Sneakers - Zwart - Maat 38,vanHaren Schoenen,2021-07-13 14:09:32,49.99
BolCom,sneakers,Sparco SP-FT - Grijs - EU 45,Sparco Fashion NL,2021-07-13 14:09:32,78.00
BolCom,sneakers,Nike Sneakers - Maat 38 - Vrouwen - wit/grijs,F-Clothing,2021-07-13 14:09:33,129.95
BolCom,sneakers,Nike Tanjun Heren Sneakers - Black/Black-Anthracite - Maat 44,Nelson Schoenen,2021-07-13 14:09:33,69.99
BolCom,sneakers,Nike Air Max SC Dames,Sport2000 Amersfoort,2021-07-13 14:09:33,80.00
BolCom,sneakers,Nike Court Royale heren sneaker - Wit - Maat 43,Nelson Schoenen,2021-07-13 14:09:33,59.99
BolCom,sneakers,Nike - wmns Air force 1 '07 - Wit-groen - Maat: 40,Sneakersenzo.nl,2021-07-13 14:09:33,109.00
BolCom,sneakers,Skechers Street heren sneaker - Groen - Maat 43,Ziengs.nl,2021-07-13 14:09:33,69.99
BolCom,sneakers,adidas Heren Sneakers Wit Maat 43 1/3,vanHaren Schoenen,2021-07-13 14:09:33,49.99
BolCom,sneakers,adidas Heren Zwarte Daily 3.0 leer - Maat 43 1/3,vanHaren Schoenen,2021-07-13 14:09:33,59.99
BolCom,sneakers,Converse Chuck Taylor All Star Sneakers Laag Unisex - Optical White - Maat 39.5,Avantisport.nl,2021-07-13 14:09:33,58.90
BolCom,parfum,Jil Sander Sun 75 ml - Eau de Toilette - Damesparfum,Verkoop door bol.com,2021-07-13 14:09:46,19.12
BolCom,parfum,Guess Seductive 75 ml - Eau de Toilette - Damesparfum,Verkoop door bol.com,2021-07-13 14:09:46,18.99
BolCom,parfum,Atelier Rebul Modern Leather 100 ml - Parfum voor Heren - Eau de Parfum,Atelier Rebul,2021-07-13 14:09:47,60.00
BolCom,parfum,Lady Speed Stick Aloe Vera Deodorant Vrouw 3 Stuks - Bestverkochte Deo Stick uit USA,Glamfox Beauty,2021-07-13 14:09:47,24.95
BolCom,parfum,Escentric Molecules Molecule 01 100 ml - Eau de Toilette - Unisex,Verkoop door bol.com,2021-07-13 14:09:47,67.99
BolCom,parfum,Zadig & Voltaire This Is Her 100 ml - Eau de Parfum - Damesparfum,DistrElux,2021-07-13 14:09:47,69.15
BolCom,parfum,Calvin Klein Eternity Moment 100 ml - Eau de Parfum - Damesparfum,Verkoop door bol.com,2021-07-13 14:09:47,22.00
BolCom,parfum,Hugo Boss Femme 75 ml - Eau de parfum - Damesparfum,Saphir,2021-07-13 14:09:47,33.41
BolCom,parfum,Roberto Cavalli 75 ml - Eau de Parfum - Damesparfum,Verkoop door bol.com,2021-07-13 14:09:47,29.69
BolCom,parfum,Calvin Klein In2U 100 ml - Eau de Toilette - Damesparfum,Verkoop door bol.com,2021-07-13 14:09:47,17.95
BolCom,parfum,Calvin Klein Euphoria 100 ml - Eau de parfum - Damesparfum,Verkoop door bol.com,2021-07-13 14:09:47,38.79
BolCom,parfum,Thierry Mugler Alien 60 ml - Eau de Parfum - Damesparfum - Navulbaar,Parfum Offers,2021-07-13 14:09:47,78.95
BolCom,parfum,Calvin Klein Contradiction 100 ml - Eau de Parfum - Damesparfum,Verkoop door bol.com,2021-07-13 14:09:47,21.65
BolCom,parfum,Chopard Wish 75 ml - Eau de Parfum - Damesparfum,Verkoop door bol.com,2021-07-13 14:09:47,23.89
BolCom,parfum,Atelier Rebul L'atelier 100 ml - Parfum voor Heren - Eau de Parfum,Atelier Rebul,2021-07-13 14:09:47,75.00
BolCom,parfum,Lancaster Sun Beauty Comfort Milk SPF50 - 175 ml - Zonnebrand,Parfum-X,2021-07-13 14:09:47,23.75
BolCom,parfum,Cacharel Noa Eau de Toilette 100ml - Eau de Toilette - Damesparfum,Verkoop door bol.com,2021-07-13 14:09:47,42.69
BolCom,parfum,Lancôme La Vie Est Belle 50 ml - Eau de Parfum - Damesparfum,Verkoop door bol.com,2021-07-13 14:09:47,73.00
BolCom,parfum,Paco Rabanne Lady Million 80 ml - Eau de Parfum - Damesparfum,Parfumeasy.nl,2021-07-13 14:09:47,72.00
BolCom,parfum,Roberto Cavalli Paradiso 75 ml - Eau de Parfum - Damesparfum,Verkoop door bol.com,2021-07-13 14:09:47,38.09
BolCom,parfum,Calvin Klein Eternity 100 ml - Eau De Parfum - Damesparfum,Verkoop door bol.com,2021-07-13 14:09:47,35.81
BolCom,parfum,Thierry Mugler Alien 60 ml - Eau de Parfum - Damesparfum,Verkoop door bol.com,2021-07-13 14:09:47,67.59
BolCom,parfum,Yves Saint Laurent Black Opium 30 ml - Eau de Parfum - Damesparfum,Verkoop door bol.com,2021-07-13 14:09:47,54.00
BolCom,parfum,Paco Rabanne Olympea 50 ml - Eau de Parfum - Damesparfum,Verkoop door bol.com,2021-07-13 14:09:47,53.99
BolCom,parfum,Davidoff Coolwater 100 ml - Eau de Toilette - Damesparfum,Verkoop door bol.com,2021-07-13 14:09:47,25.95
BolCom,parfum,Hugo Boss Nuit 75 ml - Eau de Parfum - Damesparfum,Verkoop door bol.com,2021-07-13 14:09:47,36.99
BolCom,parfum,Issey Miyake L'eau D'Issey 100ml - Eau de Toilette - Damesparfum,Verkoop door bol.com,2021-07-13 14:09:47,51.29
BolCom,parfum,Dolce & Gabbana Light Blue 100 ml - Eau de Toilette - Damesparfum,Verkoop door bol.com,2021-07-13 14:09:47,55.55
BolCom,sandalen,Teva Original Universal Dames Wandelsandalen - Zwart - Maat 39,Plutosport.nl,2021-07-13 14:10:02,58.60
BolCom,sandalen,Ipanema Class Wish Dames Sandalen - Zwart - Maat 39,Verkoop door bol.com,2021-07-13 14:10:02,34.99
BolCom,sandalen,Lichtgevende LED Sandalen Bloem - Roze - Maat 28/29,Wantohave.nl,2021-07-13 14:10:02,19.95
BolCom,sandalen,Bibi Summer Roller Sport Sandals Black,Bibishoes.nl,2021-07-13 14:10:02,49.00
BolCom,sandalen,Skechers Reggae Slim dames sandaal - Zwart - Maat 39,Schuurman Schoenen,2021-07-13 14:10:02,44.99
BolCom,sandalen,Skechers Desert Kiss sandalen zwart - Maat 39,Verkoop door bol.com,2021-07-13 14:10:02,39.95
BolCom,sandalen,Birkenstock Yara Dames Sandalen Regular fit - Black - Maat 39,The Little Green Bag B.V.,2021-07-13 14:10:02,63.65
BolCom,sandalen,TEVA T Hurricane XLT 2 Sandalen Heren Junior - Donker Blauw - Maat 24/25,Verkoop door bol.com,2021-07-13 14:10:02,30.99
BolCom,sandalen,Teva Hurricane XLT2 Heren Wandelsandalen - Zwart - Maat 43,Plutosport.nl,2021-07-13 14:10:02,68.90
BolCom,sandalen,Teva Hudson Heren Wandelsandalen - Beige - Maat 42,Verkoop door bol.com,2021-07-13 14:10:02,58.95
BolCom,sandalen,Teva Mahonia Zwarte Sandalen Dames 39,Sportief Snow & Outdoor,2021-07-13 14:10:02,85.00
BolCom,sandalen,Teva Hurricane XLT2 Kids Wandelsandalen - Blauw - Maat 22/23,Etrias,2021-07-13 14:10:02,31.90
BolCom,sandalen,Teva Tirra Dames Wandelsandalen - Zwart - Maat 38,Verkoop door bol.com,2021-07-13 14:10:02,59.99
BolCom,sandalen,Teva Voya Infinity Dames Wandelsandalen - Zwart - Maat 39,Etrias,2021-07-13 14:10:02,35.90
BolCom,sandalen,Braqeez Sky Sport Meisjes Sandalen - Roze - Textiel - Klittenband,BunniesJR en Braqeez Webshops,2021-07-13 14:10:02,29.95
BolCom,sandalen,Wildebeast Lynmouth Outdoor Sandalen Dames - Beige - Maat 41,Perrysport.nl,2021-07-13 14:10:02,44.99
BolCom,sandalen,Teva Hurricane XLT2 Dames Wandelsandalen - Zwart - Maat 41,Etrias,2021-07-13 14:10:02,55.95
BolCom,sandalen,Teva Elzalda Dames Wandelsandalen - Zwart - Maat 40,Plutosport.nl,2021-07-13 14:10:02,89.50
BolCom,sandalen,Teva Sanborn Dames Wandelsandalen - Zwart - Maat 40,Plutosport.nl,2021-07-13 14:10:02,68.90
BolCom,sandalen,Travelin' Altea - Leren Dames Sandalen - Slippers - Cognac bruin - Maat 38,ToExplore,2021-07-13 14:10:02,43.96
BolCom,sandalen,Teva Langdon Heren Wandelsandalen - Bruin - Maat 43,Nelson Schoenen,2021-07-13 14:10:02,79.99
BolCom,horloge,Casio Collection Men F-91W-1Yef Heren Horloge - 30 mm,WareHouse Watches,2021-07-13 14:10:20,21.00
BolCom,horloge,NIBOSI Horloges voor mannen - Horloge mannen - Luxe Zwart Design - Heren horloge - Ø 42 mm - Zwart Edelstaal - Roestvrij Staal - Waterdicht tot 3 bar - Chronograaf - Geschenkset met verstelbare pin,Topkoop,2021-07-13 14:10:20,29.90
BolCom,horloge,Wallace Hume Klassiek Wit - Horloge - Perlon - Zwart,Wallace Hume,2021-07-13 14:10:20,79.95
BolCom,horloge,Ice-Watch ICE steel IW016544 horloge - Staal - Zilverkleurig - 40 mm,Verkoop door bol.com,2021-07-13 14:10:20,149.00
BolCom,horloge,Skmei - Waterdicht 5 ATM Digitaal Sporthorloge - Dual Time - 49 mm - Blauw Zwart,Shop4deals.nl,2021-07-13 14:10:20,13.99
BolCom,horloge,NIBOSI Horloges voor mannen - Luxe Zilver Zwart Design - Heren Horloge - Ø42,Health&Lifestyle,2021-07-13 14:10:20,27.99
BolCom,horloge,Skmei - Waterdicht 5 ATM Digitaal Sporthorloge - Dual Time - 49 mm - Zwart,Shop4deals.nl,2021-07-13 14:10:20,14.49
BolCom,horloge,Kinderhorloge – Stopwatch – Waterdicht – Legergroen - Giftbox,DAILYPRICE.BE,2021-07-13 14:10:20,18.00
BolCom,horloge,Kinderhorloge – Chronograaf – Waterdicht – Sports Watch Kids – Army Green,lazycatsieraden.nl,2021-07-13 14:10:20,23.95
BolCom,horloge,Klassiek Heren Horloge – Leren band - Polshorloge - Giftbox,lazycatsieraden.nl,2021-07-13 14:10:20,21.00
BolCom,horloge,Casio Vintage Iconic A168WG-9EF Unisex Horloge - 36 mm,Verkoop door bol.com,2021-07-13 14:10:20,42.20
BolCom,horloge,Geneva Dames Horloge - RVS - Zilverkleurig & Kristal - Ø 40 mm,Fashion Favorite,2021-07-13 14:10:20,13.95
BolCom,horloge,Colori Kidz 5 CLK059 Kinderhorloge met Vliegtuig - Siliconen Band - Ø 30 mm - Groen,Fashion Boutique NL,2021-07-13 14:10:20,19.95
BolCom,horloge,Army Kinderhorloge Groen | Camouflage/Leger | Kunststof/Plastic | Fashion Favorite,Fashion Favorite,2021-07-13 14:10:20,6.89
BolCom,horloge,LEFF amsterdam - T40 - Horloge - Leer - Staal/Bruin - Ø 40mm,VANMOKUM,2021-07-13 14:10:20,119.00
BolCom,horloge,Unisex - Verpleeg horloge - Verpleegsterhorloge - Zusterhorloge - Siliconen - Groen,Meer e-commerce,2021-07-13 14:10:21,9.99
BolCom,horloge,Pulsar PJ6061X1 horloge heren - zilver - edelstaal,Verkoop door bol.com,2021-07-13 14:10:21,65.67
BolCom,horloge,Klassiek Heren Horloge – Zwart Leer - Polshorloge - Giftbox,DAILYPRICE.BE,2021-07-13 14:10:21,15.00
BolCom,horloge,Kinderhorloge jongen analoog - Blauw - Zwart - SEVEND®,Sevend BE,2021-07-13 14:10:21,14.99
BolCom,horloge,Casio Vintage - W-800H-1AVES - Heren - Horloge - 36.8 mm,Verkoop door bol.com,2021-07-13 14:10:21,22.49
BolCom,horloge,Army Kinderhorloge Blauw | Camouflage/Leger | Kunststof/Plastic | Fashion Favorite,Fashion Favorite,2021-07-13 14:10:21,6.89
BolCom,horloge,Casio VIntage Iconic Horloge - A168WEGG-1BEF - Unisex - Horloge - 39 mm,Verkoop door bol.com,2021-07-13 14:10:21,47.99
BolCom,horloge,Lorus RJ603AX9 horloge heren - zilver - edelstaal,Verkoop door bol.com,2021-07-13 14:10:21,43.72
BolCom,horloge,Casio Vintage Iconic A168WA-1YES Dames Horloge - 36.3 mm,Verkoop door bol.com,2021-07-13 14:10:21,34.79
BolCom,horloge,Kinderhorloge – Shockproof – Chronograaf – Waterproof - Red,lazycatsieraden.nl,2021-07-13 14:10:21,19.00
BolCom,horloge,La Rosa Princesa - Hart Pastel Roze - Kinderhorloge - Leer - Ø 27 mm,La Rosa Princesa,2021-07-13 14:10:21,23.95
BolCom,horloge,Casio G-Shock Heren Horloge GA-100-1A1ER - 52 mm,Verkoop door bol.com,2021-07-13 14:10:21,81.00
BolCom,rugzak,Eastpak Out Of Office Rugzak 27 Liter - Zwart,Verkoop door bol.com,2021-07-13 14:10:40,40.50
BolCom,rugzak,The North Face Connector Rugzak 27L - Zwart,Verkoop door bol.com,2021-07-13 14:10:40,59.90
BolCom,rugzak,"Marshall Seeker-rugzak met rolsluiting en uitneembare etui, opvouwbaar, compact, robuust, ideaal voor op reis, Duurzaam gevoerd - volume 26 liter",E-HEART,2021-07-13 14:10:40,36.00
BolCom,rugzak,VMCA Galaxy Rugzak Schooltas Tiener en Volwassenen Voor Meisjes en Jongens - 1 Potlood tas - Paars,AZBasics,2021-07-13 14:10:40,27.95
BolCom,rugzak,Eastpak Back To Work Rugzak 27 Liter - 14 inch laptopvak - Black,Verkoop door bol.com,2021-07-13 14:10:40,47.95
BolCom,rugzak,"TravelMore Daily Carry XL Backpack - 17,3 inch Laptop Rugzak - Dames/Heren - 36L - Waterafstotend - Zwart",LifeGoods,2021-07-13 14:10:40,37.99
BolCom,rugzak,Eastpak Padded Pak'R Rugzak 24 Liter - Black,Verkoop door bol.com,2021-07-13 14:10:40,32.75
BolCom,rugzak,Eastpak Provider Rugzak 33 Liter - Black,Verkoop door bol.com,2021-07-13 14:10:40,61.99
BolCom,rugzak,"Milky Kiss Stay Cute Leopard Green Rugzak - 13,5 l - Green",Verkoop door bol.com,2021-07-13 14:10:40,15.95
BolCom,rugzak,"The North Face Groundwork Rugzak 27,5L - Zwart",Verkoop door bol.com,2021-07-13 14:10:40,64.89
BolCom,rugzak,Eastpak Back To Work Rugzak 27 Liter - 15 inch laptopvak - Black Denim,Verkoop door bol.com,2021-07-13 14:10:40,45.81
BolCom,rugzak,Eastpak Out Of Office Rugzak 27 Liter - Black Denim,Verkoop door bol.com,2021-07-13 14:10:40,39.99
BolCom,rugzak,The North Face Falle Line Rugzak 29L - Zwart,Verkoop door bol.com,2021-07-13 14:10:40,79.00
BolCom,rugzak,Alone 8415 Rugzak tot 22.5 inch Tabletvak - 28 Liter Waterafstotend Rugtas | Voor School Reis Camping Sport Jongens Meisje Vrouwen Heren Unisex Tas – Indigo Blauw,DFC Bags,2021-07-13 14:10:40,49.99
BolCom,rugzak,Kipling Goyo M Dames Rugzak - Black Noir,Verkoop door bol.com,2021-07-13 14:10:40,63.26
BolCom,rugzak,Anti Diefstal Waterdichte Rugzak Inclusief Usb Oplaadstation -14 t/m 15.6 inch - Zwart,Wadu,2021-07-13 14:10:40,42.95
BolCom,rugzak,"Anti-diefstal rugzak - Rugtas dames - Waterdicht - Klein - Anti-theft backpack - Rug-, Schouder-, Handtas in één - zacht PU-leer - incl. verstelbare riem- DomanEmpire",Glennoo,2021-07-13 14:10:40,32.95
BolCom,rugzak,"Skooter Dinomite! Rugzak - 13,6 l - Navy Blauw",Myfirstbag,2021-07-13 14:10:40,19.95
BolCom,rugzak,"Milky Kiss Jungle Vibes Rugzak - 13,5 l - Roze - Origin",Verkoop door bol.com,2021-07-13 14:10:40,15.95
BolCom,rugzak,"ZILOU® Rugtas - Rugzak - 20-35 Liter - 16"" Laptopvak - School - Werk - Reizen - Groen",ZILOU,2021-07-13 14:10:40,49.95
BolCom,rugzak,"TravelMore Daily Carry XL Backpack - 17,3 inch Laptop Rugzak - Dames/Heren - 36L - Waterafstotend - Grijs",LifeGoods,2021-07-13 14:10:40,37.99
BolCom,rugzak,"TravelMore Daily Carry XL Backpack - 17,3 inch Laptop Rugzak - Dames/Heren - 36L - Waterafstotend - Blauw",LifeGoods,2021-07-13 14:10:40,37.99
BolCom,rugzak,Fjallraven Kanken Rugzak 16 liter - Frost Green,Verkoop door bol.com,2021-07-13 14:10:40,68.05
BolCom,rugzak,Fjallraven Kanken Laptoprugzak 17 inch - Zwart,Verkoop door bol.com,2021-07-13 14:10:40,78.49
BolCom,rugzak,LOL Surprise - Rugzak meisje - Rugtas kinderen - Eenhoorn,Merchandise4all.com,2021-07-13 14:10:40,24.95
BolCom,rugzak,Little Dutch Rugzak - Goose,Verkoop door bol.com,2021-07-13 14:10:40,15.89
BolCom,zonnebril,KingSeven Black Oculos Heren Zonnebril - Zwart,Hidzo,2021-07-13 14:10:57,19.86
BolCom,zonnebril,Polaroid PLD 6003/N/S Zonnebril Bruin Unisex,Verkoop door bol.com,2021-07-13 14:10:57,32.09
BolCom,zonnebril,Zonnebril Heren| Zonnebril Dames | Polarized | Gepolariseerd,Sideways Distribution,2021-07-13 14:10:57,49.95
BolCom,zonnebril,GreatForMen Aviator Brown |Heren Zonnebril | Houten zonnebril met UV400 polarised glazen.,Great For Men,2021-07-13 14:10:57,49.95
BolCom,zonnebril,Marvies Thug Life Zonnebril | Deal With It Bril | 6 Pixels | Zwart | Meme | Sunglasses | Glasses,Festivalsupply.nl,2021-07-13 14:10:57,5.95
BolCom,zonnebril,Polaroid PLD 6034/S Zonnebril Bruin Unisex,Verkoop door bol.com,2021-07-13 14:10:57,50.00
BolCom,zonnebril,Wayfarer Zonnebril Zwart,Fako Bijoux,2021-07-13 14:10:57,2.99
BolCom,zonnebril,PB Sunglasses - Round Polarised | Zonnebril heren en dames - Gepolariseerd - Rond montuur,PB Sunglasses,2021-07-13 14:10:57,18.95
BolCom,zonnebril,Sinner Sundown Unisex Zonnebril - Zwart,Verkoop door bol.com,2021-07-13 14:10:57,39.99
BolCom,zonnebril,Polaroid PLD 4084/F/S Zonnebril Havana Dames,Verkoop door bol.com,2021-07-13 14:10:57,46.49
BolCom,zonnebril,Polaroid PLD 1017/S Zonnebril Goud kleurigkleurig Unisex,Verkoop door bol.com,2021-07-13 14:10:57,31.18
BolCom,zonnebril,Kurt Cobain Zonnebril - Wit,Koopjegadget.nl,2021-07-13 14:10:57,10.95
BolCom,zonnebril,Polaroid P8317 Zonnebril Bruin Dames,Verkoop door bol.com,2021-07-13 14:10:57,30.99
BolCom,zonnebril,Sinner Zonnebril Unisex Canaan - Zwart - One Size,Verkoop door bol.com,2021-07-13 14:10:57,39.99
BolCom,zonnebril,Big Butterfly Zonnebril Zwart,Koopjegadget.nl,2021-07-13 14:10:57,8.95
BolCom,zonnebril,Wayfarer Zonnebrillen - 3 stuks - Mat Zwart,Fako Bijoux,2021-07-13 14:10:57,7.99
BolCom,zonnebril,Trendy Zonnebril voor dames en heren - Goud/Zwart - UV400,Loudclear.nl,2021-07-13 14:10:57,15.95
BolCom,zonnebril,Freaky Glasses® | Hartjes zonnebril | roze lenzen,Festivalsupply.nl,2021-07-13 14:10:57,5.95
BolCom,zonnebril,PB Sunglasses - Hex Metal Black Polarised | Zonnebril heren en dames - Gepolariseerd - Zwart - Hexagon,PB Sunglasses,2021-07-13 14:10:57,17.95
BolCom,zonnebril,Smitshopper Heren Zonnebril - Zwart,Fako Bijoux,2021-07-13 14:10:58,2.99
BolCom,zonnebril,Polaroid PLD 6003/N/S Zonnebril Zwart Unisex,Verkoop door bol.com,2021-07-13 14:10:58,34.95
BolCom,zonnebril,SINNER Paraiso Unisex Zonnebril - Bruin,Verkoop door bol.com,2021-07-13 14:10:58,39.99
BolCom,zonnebril,JorAmor Flight - Zwart | Zonnebril Unisex,JorAmor,2021-07-13 14:10:58,24.99
BolCom,zonnebril,Sinner Durness SINTEC® Polarized - Zonnebril - Unisex - Zwart,Verkoop door bol.com,2021-07-13 14:10:58,44.99
BolCom,zonnebril,Guess - GF6028/S - Zonnebril - Dames,Budgetdeals-shop NL,2021-07-13 14:10:58,39.90
BolCom,zonnebril,Wayfarer Zonnebrillen - 3 stuks - Zwart,Koopjegadget.nl,2021-07-13 14:10:58,5.95
BolCom,zonnebril,Sinner Thunder X Zonnebril - Unisex - Zwart,Verkoop door bol.com,2021-07-13 14:10:58,31.99
BolCom,kostuum,Space Black | Spacebril | Caleidoscoop Bril,Loudclear.nl,2021-07-13 14:11:13,5.35
BolCom,kostuum,K3 jurkje Regenboog 3-5 jaar - Verkleedjurk,SinQel.com,2021-07-13 14:11:13,17.41
BolCom,kostuum,Black Panther Klauw - Marvel - Black Panther Speelgoed - Nerf - Handschoen - Black Panther Kostuum,Qitrex,2021-07-13 14:11:13,39.99
BolCom,kostuum,Amscan Kostuum Rockster Meisjes Polyester Roze 4-6 Jaar,Vliegerxl.nl,2021-07-13 14:11:14,19.95
BolCom,kostuum,Verkleedkleren Piraat 5-6 Jaar,Toysavers.nl,2021-07-13 14:11:14,15.12
BolCom,kostuum,K3 Jurkje Farao - Verkleedjurk,DVDOutlet.nl,2021-07-13 14:11:14,29.14
BolCom,kostuum,Boland Verkleedkostuum Eenhoornfee Meisjes Polyester One-size,DVDOutlet.nl,2021-07-13 14:11:14,19.19
BolCom,kostuum,Legend Abraham 50 jaar t-shirt / kado tip / Heren maat L / cadeau,NewYorkFinest.nl,2021-07-13 14:11:14,24.99
BolCom,kostuum,Eenhoorn jurk unicorn jurk eenhoorn kostuum - roze Classic 116-122 (120) prinsessen jurk verkleedjurk + haarband,Spaansejurk Nederland,2021-07-13 14:11:14,36.95
BolCom,kostuum,"Thug Life ""Deal With It' Zonnebril 6 Pixels Snelle Planga Minecraft Bit bril",NikkiForYou,2021-07-13 14:11:14,4.44
BolCom,kostuum,WiseGoods - Spiderman Pak - Verkleedpak Jongens - Verkleedkleding - Kinderkostuum - Kind 4-5 jaar - 104-110 - Rood / Blauw,WiseDeal,2021-07-13 14:11:14,24.95
BolCom,kostuum,Jagermeister kostuum,Quality Shops,2021-07-13 14:11:14,37.49
BolCom,kostuum,Originele Mankini Borat,Feveray,2021-07-13 14:11:14,11.99
BolCom,kostuum,Eenhoorn jurk unicorn jurk eenhoorn kostuum - 116-122 (M) prinsessen jurk verkleedjurk regenboog + haarband,Spaansejurk Nederland,2021-07-13 14:11:14,36.95
BolCom,kostuum,Naruto hoofdband - Naruto - Naruto Cosplay - Naruto kostuum - Zwart,YSvB NL,2021-07-13 14:11:14,7.95
BolCom,kostuum,Superman cape + masker Superhelden cape kostuum verkleed pak verkleedkleding + GRATIS tas/ sleutel hanger,Spaansejurk Nederland,2021-07-13 14:11:14,18.95
BolCom,kostuum,Rapunzel jurk Prinsessen jurk verkleedjurk 116-122 (130) roze paars met broche + GRATIS haarband,Spaansejurk Nederland,2021-07-13 14:11:14,26.95
BolCom,kostuum,Spiderman Pak - Verkleedpak Jongens - Verkleedkleding - Kinderkostuum - Kind 5-6 jaar - 105-116 - Rood / Blauw,Kliq Shops,2021-07-13 14:11:14,19.95
BolCom,kostuum,Hawaii set (Toppers),Partywinkel.nl,2021-07-13 14:11:14,10.95
BolCom,kostuum,Gadiezz® Borat Mankini - Heren String - Verkleedkleren Volwassenen - Willy Warmer - Groen,Gadiezz,2021-07-13 14:11:14,11.95
BolCom,kostuum,K3 Rollerdisco verkleedpak Maat 116,SinQel.com,2021-07-13 14:11:14,16.39
BolCom,kostuum,Leger Infanterie Soldaat Pakje 3-delig - Kindermaat L,Wohi.nl,2021-07-13 14:11:14,21.00
BolCom,kostuum,Brandweerjas met Lange Mouw - Imaginarium - Verkleedkleding Brandweer - 3-6 Jaar,Imaginarium Speelgoed,2021-07-13 14:11:14,21.95
BolCom,trainingspak,Under Armour Knit Track Suit Trainingspak Heren - Maat M,Verkoop door bol.com,2021-07-13 14:11:35,67.89
BolCom,trainingspak,adidas adidas 3-stripes Trainingspak - Maat M - Vrouwen - zwart - wit,Sportshop.com,2021-07-13 14:11:35,62.95
BolCom,trainingspak,Real Madrid trainingspak 20/21 - officieel Real Madrid fanproduct - Real trainingspak kids - Real Madrid vest en trainingsbroek - 100% Polyester - maat 140,More Footballs BV,2021-07-13 14:11:35,54.95
BolCom,trainingspak,Real Madrid trainingspak 20/21 - officieel Real Madrid fanproduct - Real trainingspak kids - Real Madrid vest en trainingsbroek - 100% Polyester - maat 128,More Footballs BV,2021-07-13 14:11:35,54.95
BolCom,trainingspak,Nike Dri-FIT Academy Heren Trainingspak - Maat M,Verkoop door bol.com,2021-07-13 14:11:35,69.99
BolCom,trainingspak,Nike Trainingspak - Maat 140 - Jongens - zwart,Verkoop door bol.com,2021-07-13 14:11:35,54.99
BolCom,trainingspak,Nike Sportswear Ce Track Suit Woven Basic Trainingspak Heren - Maat L,Plutosport.nl,2021-07-13 14:11:35,68.90
BolCom,trainingspak,Nike Trainingspak - Maat 128 - Unisex - navy/blauw/wit,Plutosport.nl,2021-07-13 14:11:35,48.30
BolCom,trainingspak,Nike Nike Academy Trainingspak - Maat XL - Mannen - navy/wit,Plutosport.nl,2021-07-13 14:11:35,74.10
BolCom,trainingspak,adidas 3-Stripes Team Trainingspak Jongens - Maat 152,Verkoop door bol.com,2021-07-13 14:11:35,38.99
BolCom,trainingspak,Under Armour Knit Track Suit Trainingspak Heren - Maat S,Verkoop door bol.com,2021-07-13 14:11:35,67.89
BolCom,trainingspak,Nike Tech Fleece Trainingspak Senior - Grijs - Maat L,soccerfanshop.nl,2021-07-13 14:11:35,199.95
BolCom,trainingspak,Premium Dames Trainingspak / Tracksuit / Joggingspak | Sport Kleding | Blauw-Wit - M,FashionhouseNL,2021-07-13 14:11:35,39.95
BolCom,trainingspak,adidas adidas Essentials Trainingspak - Maat S - Vrouwen - zwart - wit,Sportshop.com,2021-07-13 14:11:35,62.95
BolCom,trainingspak,Liverpool FC trainingspak 21/22 - Liverpool pak - Liverpool vest en trainingsbroek - officieel Liverpool FC fanproduct - 100% Polyester - maat 140,More Footballs BV,2021-07-13 14:11:35,54.95
BolCom,trainingspak,Oranje Holland vest heren - trainingsjack - Nederland vest - maat S,More Footballs BV,2021-07-13 14:11:35,32.95
BolCom,trainingspak,Nike Tech Fleece Trainingspak Senior - Rood - Maat M,soccerfanshop.nl,2021-07-13 14:11:35,199.95
BolCom,trainingspak,adidas Badge Of Sport French Terry Trainingspak Kids - Maat 80,Verkoop door bol.com,2021-07-13 14:11:35,25.99
BolCom,trainingspak,Premium Dames Trainingspak / Tracksuit / Joggingspak | Sport Kleding | Zwart-Wit - L,FashionhouseNL,2021-07-13 14:11:35,39.95
BolCom,trainingspak,Nike Nsw Ce Trk Suit Pk Basic Heren Trainingspak - Midnight Navy/White/(White) - Maat XL,Plutosport.nl,2021-07-13 14:11:35,66.80
BolCom,trainingspak,Premium Dames Trainingspak / Tracksuit / Joggingspak | Sport Kleding | Rood-Wit - XL,FashionhouseNL,2021-07-13 14:11:35,39.95
BolCom,trainingspak,hummel Elite Poly Suit Trainingspak - Blauw - Maat M,Plutosport.nl,2021-07-13 14:11:35,27.70
BolCom,trainingspak,Wej - Trainingspak Heren - Joggingpak - Tracksuit - Zwart,Wej Fitness,2021-07-13 14:11:35,89.95
BolCom,badpak,Burkini Islamitisch Zwempak - Zwempak Dames - Boerkini Moslima - Burkini Badpak - Islamitische Producten - Zwart - Maat M,Online Winkelcentrum,2021-07-13 14:11:49,64.99
BolCom,badpak,Hunkemöller Dames Badpak Ocean Bloom - maat 48,Hunkemöller,2021-07-13 14:11:49,39.99
BolCom,badpak,Protest SUNDAZE Vrouwen Badpak - So Rosy - Maat M/38,Protest.eu,2021-07-13 14:11:49,39.99
BolCom,badpak,Prénatal Zwangerschapsbadpak Dames - Zwemkleding - Zwart - Maat L,prenatal.nl,2021-07-13 14:11:49,27.99
BolCom,badpak,Prénatal Badpak Meisjes - Zwemkleding - Roze - Maat 98/104,prenatal.nl,2021-07-13 14:11:49,10.39
BolCom,badpak,Sexy een stuk afgedrukt blote rug bikini badpak voor vrouwen maat: S (JS412R1),Superfunk.eu,2021-07-13 14:11:49,33.96
BolCom,badpak,Barts Solid Shaping Badpak Zwart Dames - Maat 38,Perrysport.nl,2021-07-13 14:11:49,79.99
BolCom,badpak,Osaga dames badpak - Zwart - Maat XL,Scapino.nl,2021-07-13 14:11:49,21.94
BolCom,badpak,WE Fashion Dames shaping badpak met dessin,WE Fashion,2021-07-13 14:11:49,24.00
BolCom,badpak,Noppies Positie badpak met knoopdetail - Black - Maat XL/XXL,Noppies,2021-07-13 14:11:49,39.99
BolCom,badpak,Prénatal Zwangerschapsbadpak Dames - Zwemkleding - Groen - Maat M,prenatal.nl,2021-07-13 14:11:49,27.99
BolCom,badpak,Boerkini lang model - Deluxe Gold -3 delig incl. sjaal - zwemkleding - badpak tuniek,Belleze.nl,2021-07-13 14:11:49,59.95
BolCom,badpak,Speedo Sculpture Lunalustre Badpak Dames - Maat 46,Plutosport.nl,2021-07-13 14:11:49,63.80
BolCom,badpak,Nike Swim FASTBACK Badpak - BRIGHT CRIMSON - Vrouwen - Maat 40,Verkoop door bol.com,2021-07-13 14:11:49,31.49
BolCom,badpak,Burkini Islamitisch Zwempak - Zwempak Dames - Boerkini Moslima - Burkini Badpak - Islamitische Producten - Donkerblauw/Bloemen - Maat M,Online Winkelcentrum,2021-07-13 14:11:49,64.99
BolCom,badpak,Tumble 'N Dry Babien UV Badpak Meisjes Mid maat 122/128,Tumble 'n Dry,2021-07-13 14:11:49,25.99
BolCom,badpak,Osaga dames badpak met bloemenprint - Blauw - Maat L,Scapino.nl,2021-07-13 14:11:49,23.94
BolCom,badpak,Prénatal Badpak Meisjes - Zwemkleding - Blauw met Roze - Maat 86/92,prenatal.nl,2021-07-13 14:11:49,9.60
BolCom,badpak,Hunkemöller Dames Badpak Scallop Dreams Ocean - maat 42,Hunkemöller,2021-07-13 14:11:49,43.99
BolCom,jurk,ONLY Hannover Dames Blousejurk - Maat 34,Verkoop door bol.com,2021-07-13 14:12:05,22.99
BolCom,jurk,Kanten strand jurkje - Bikini cover up - Gypsy Jurkje - Beach dress- Boho - Sexy strand jurkje,HappyChick,2021-07-13 14:12:05,27.95
BolCom,jurk,Jurk Met Detail Op Mouwen 17010185 87,Sans-online.nl,2021-07-13 14:12:05,42.49
BolCom,jurk,Onlpella May S/s Dress Jrs 15231783 Black/palmleaf,Sans-online.nl,2021-07-13 14:12:05,24.09
BolCom,jurk,VERO MODA VMSILJA SS SHORT SHIRT DRESS GA Dames Blousejurk - Maat M,Verkoop door bol.com,2021-07-13 14:12:05,27.99
BolCom,jurk,Happy Zomer Jurkje - Strand jurkje - Beach dress - Rug decolleté - Bikini Cover up - Maat L,HappyChick,2021-07-13 14:12:05,19.95
BolCom,jurk,Only Olivia Dames Wikkeljurk - Maat M (38),Verkoop door bol.com,2021-07-13 14:12:05,25.49
BolCom,jurk,ONLY ONLCORDELIA S/S MIDI SHIRT DRESS WVN Dames Jurk - Maat M,Verkoop door bol.com,2021-07-13 14:12:05,44.99
BolCom,jurk,ONLY Olivia Dames Wikkeljurk - Maat 38,Verkoop door bol.com,2021-07-13 14:12:05,25.49
BolCom,jurk,ONLY ONLFELINE 3/4 DRESS JRS CS Dames Jurk - Maat S,Verkoop door bol.com,2021-07-13 14:12:05,32.89
BolCom,jurk,ONLY Sia Dames Wikkeljurk - Maat M,Verkoop door bol.com,2021-07-13 14:12:05,39.99
BolCom,jurk,Maxi jurk met tropische print - Licht Groen,LolaLiza,2021-07-13 14:12:06,39.99
BolCom,jurk,ONLY ONLMAY LIFE S/S DRESS Dames T-shirt Jurk - Maat XL,Verkoop door bol.com,2021-07-13 14:12:06,12.99
BolCom,jurk,Dames lange jurk met bloemenprint one size 36-44 donkerblauw,R.S.L. Shoes,2021-07-13 14:12:06,19.95
BolCom,jurk,Jdyurban Gabriella S/s Belt Dress Jrs 15228771 Black/melange,Sans-online.nl,2021-07-13 14:12:06,23.49
BolCom,jurk,Vmmille Ss Ankle Dress Wvn Ga 10247975 Birch/mille,Sans-online.nl,2021-07-13 14:12:06,34.49
BolCom,jurk,Jacqueline de Yong Dalila Dames Jurk - Maat M,Verkoop door bol.com,2021-07-13 14:12:06,21.24
BolCom,jurk,ONLY Hannover Dames Blousejurk - Maat 38,Verkoop door bol.com,2021-07-13 14:12:06,34.99
BolCom,jurk,MKL - Dames zomerjurk - Boho Vrolijke Bloemetjes Jurk Knoop - Franse Mode Vrouwen Groene Bloemen Print Jurk V-hals Vintage Lange Mouw Dames Midi Jurk Maat S,Always 4you,2021-07-13 14:12:06,72.00
BolCom,jurk,ONLY Sia Dames Wikkeljurk - Maat L,Verkoop door bol.com,2021-07-13 14:12:06,39.99
BolCom,jurk,Pieces Cecilie Dames Jurk - Maat L,Verkoop door bol.com,2021-07-13 14:12:06,33.99
BolCom,jurk,Pieces Cecilie Dames Jurk - Maat S,Verkoop door bol.com,2021-07-13 14:12:06,29.99
BolCom,jurk,Cassis Dames Wikkeljurk - Maat L,Cassis Nederland,2021-07-13 14:12:06,49.99
BolCom,jurk,Only Olivia Dames Wikkeljurk - Maat M (38),Verkoop door bol.com,2021-07-13 14:12:06,21.99
BolCom,jurk,NA-KD Front Slit Smock Vrouwen Jurk - Navy Flower - Maat EU 38,Verkoop door bol.com,2021-07-13 14:12:06,56.95
BolCom,jurk,Ibizaflower zijde omslagjurk lang - roze,Tops Retail,2021-07-13 14:12:06,65.00
BolCom,jurk,Emilie Scarves - Jurk - Tuniek - Ibiza - 3D bloemenprint,Emilie Scarves,2021-07-13 14:12:06,49.95
BolCom,overhemd,Jack and Jones Heren Overhemd Wit Twill Slim Fit - Maat M,Verkoop door bol.com,2021-07-13 14:12:20,33.95
BolCom,overhemd,WE Fashion Heren slim fit stretch overhemd - Maat L,WE Fashion,2021-07-13 14:12:20,21.00
BolCom,overhemd,FYREN - Poplin Fancy Flower Fresh 4XL,Fairedushopping,2021-07-13 14:12:20,24.95
BolCom,overhemd,FYREN - Mint with flower contrast L,Fairedushopping,2021-07-13 14:12:20,24.95
BolCom,overhemd,JPRBLAROYAL SHIRT LS NOOS Maat M,Verkoop door bol.com,2021-07-13 14:12:20,33.95
BolCom,overhemd,WE Fashion Heren slim tall fit overhemd - Maat M,WE Fashion,2021-07-13 14:12:20,23.99
BolCom,overhemd,WE Fashion Heren slim fit overhemd met stretch - Maat M,WE Fashion,2021-07-13 14:12:20,23.99
BolCom,overhemd,Overhemd met Korte Mouwen - Wit - XXL,Urban Living,2021-07-13 14:12:20,19.95
BolCom,overhemd,WE Fashion Regular Fit Jongens Overhemd - Maat 158/164,WE Fashion,2021-07-13 14:12:20,24.99
BolCom,overhemd,Overhemd met Korte Mouwen - Marineblauw - XL,Urban Living,2021-07-13 14:12:20,19.95
BolCom,overhemd,WE Fashion Heren slim fit stretch overhemd - Maat L,WE Fashion,2021-07-13 14:12:20,21.00
BolCom,overhemd,WE Fashion Jongens vlinderdas overhemd - Maat 158/164,WE Fashion,2021-07-13 14:12:20,24.99
BolCom,overhemd,Kinderoverhemd wit-170/176,Suits you well,2021-07-13 14:12:20,14.95
BolCom,overhemd,Overhemd met Korte Mouwen - Royal Blauw - XXL,Urban Living,2021-07-13 14:12:20,19.95
BolCom,overhemd,FYREN - Poplin Fancy Flower Fresh 3XL,Fairedushopping,2021-07-13 14:12:20,24.95
BolCom,overhemd,FYREN - White with blue design 3XL,Fairedushopping,2021-07-13 14:12:20,24.95
BolCom,overhemd,WE Fashion Heren slim fit overhemd met stretch -Maat M,WE Fashion,2021-07-13 14:12:20,23.99
BolCom,overhemd,Overhemd met Korte Mouwen - Rood - XL,Urban Living,2021-07-13 14:12:20,19.95
BolCom,overhemd,Michaelis Slim Fit overhemd - donkerblauw Oxford (contrast) - Strijkvrij - Boordmaat: 38,Shirtdeal,2021-07-13 14:12:20,39.99
BolCom,overhemd,Dnr Heren Overhemd - Maat XL,Sans-online.nl,2021-07-13 14:12:20,27.45
BolCom,mantel,LifeGoods 20 Houten Kledinghangers - Kleerhanger met Inkeping en Broeklat - Metalen Haak - Dames/Heren/Volwassenen - Voor Jassen/Riem/Rokje/Pak/Broeken/Mantel/Blouse - Zwart - 20 Stuks,LifeGoods,2021-07-13 14:12:38,33.99
BolCom,mantel,LifeGoods 30 Houten Kledinghangers - Kleerhanger met Inkeping en Broeklat - Metalen Haak - Dames/Heren/Volwassenen - Voor Jassen/Riem/Rokje/Pak/Broeken/Mantel/Blouse - 30 Stuks,LifeGoods,2021-07-13 14:12:38,37.99
BolCom,mantel,ONLY ONLCARRIE BONDED COAT OTW NOOS Dames Jas - Maat M,Verkoop door bol.com,2021-07-13 14:12:38,29.99
BolCom,mantel,LifeGoods 60 Kunststof Kledinghangers - Plastic Kleer Hanger met Haakjes en Broeklat - Dames/Heren/Volwassenen - Voor Riem/Rokje/Pak/Broeken/Mantel/Blouse - Wit,LifeGoods,2021-07-13 14:12:38,32.99
BolCom,mantel,Kappersschort - Kapmantel - Kappersmantel - Salon Mantel - Waterdicht - Grijs,Go Go Gadget NL,2021-07-13 14:12:38,6.89
BolCom,mantel,Serafina en de zwarte mantel,Verkoop door bol.com,2021-07-13 14:12:38,10.00
BolCom,mantel,ONLY ONLCARRIE LIFE MEL COAT OTW NOOS Dames Jas Groen - Maat 38,Verkoop door bol.com,2021-07-13 14:12:38,24.99
BolCom,mantel,Wolf Hall (The Wolf Hall Trilogy),Verkoop door bol.com,2021-07-13 14:12:38,8.39
BolCom,mantel,Wolf Hall,Verkoop door bol.com,2021-07-13 14:12:38,12.99
BolCom,mantel,Silexd – Zeer Realistische Zuignap Dildo met Zachte Mantel en Harde Kern voor Levensechte Ervaring – 24.3 cm – beigeig,7th heaven,2021-07-13 14:12:38,25.50
BolCom,mantel,Wolf Hall,Verkoop door bol.com,2021-07-13 14:12:38,24.99
BolCom,mantel,Het boek Henry,Verkoop door bol.com,2021-07-13 14:12:38,24.99
BolCom,mantel,De spiegel & het licht,Verkoop door bol.com,2021-07-13 14:12:38,29.99
BolCom,mantel,Only Carrie Dames Jas - Maat XL (42),Sans-online.nl,2021-07-13 14:12:38,34.99
BolCom,mantel,Only Dames Mantel - Maat S,Sans-online.nl,2021-07-13 14:12:38,18.50
BolCom,mantel,BRANDDEKEN - BLUSDEKEN - FIRE BLANKET - VUUR MANTEL - BLUSDEKEN 1.2M X 1.2M - BRANDBLUSSER - BRANDBEVEILIGING,Loge-co,2021-07-13 14:12:38,17.95
BolCom,mantel,Bennie Griessel 6 - De vrouw in de blauwe mantel,NaN,2021-07-13 14:12:38,7.25
BolCom,mantel,Kapmantel - Professionele Waterproof Kappersmantel met verstelbare klittenband sluiting (deze mantel is zonder de extra borduring),Logo-borduren.nl,2021-07-13 14:12:38,12.50
BolCom,mantel,De spiegel & het licht,Verkoop door bol.com,2021-07-13 14:12:38,14.99
BolCom,koptelefoon,JBL Tune 500BT - Draadloze on-ear koptelefoon - Zwart,Verkoop door bol.com,2021-07-13 14:13:35,39.00
BolCom,koptelefoon,Sony WH-1000XM3 - Draadloze over-ear koptelefoon met Noise Cancelling - Zwart,Verkoop door bol.com,2021-07-13 14:13:35,195.00
BolCom,koptelefoon,Sennheiser MOMENTUM 3.0 Wireless - Over-ear koptelefoon – Zwart,Verkoop door bol.com,2021-07-13 14:13:35,314.05
BolCom,koptelefoon,PowerLocus P6 Draadloze Over-Ear Koptelefoon Inklapbaar - Bluetooth Hoofdtelefoon - Met microfoon - Rose Gold,Mition,2021-07-13 14:13:35,34.99
BolCom,koptelefoon,Sony WH-1000XM4 - Draadloze over-ear koptelefoon met Noise Cancelling - Zwart,BCC.nl,2021-07-13 14:13:35,272.00
BolCom,koptelefoon,Sony MDR-ZX110 - On-ear koptelefoon - Zwart,Get Goods,2021-07-13 14:13:35,16.39
BolCom,koptelefoon,Bose QuietComfort 35 serie II - Draadloze over-ear koptelefoon met Noise Cancelling - Zwart,Verkoop door bol.com,2021-07-13 14:13:35,178.95
BolCom,koptelefoon,JBL Tune 750BT - Over-ear koptelefoon met Noise Cancelling - Zwart,Verkoop door bol.com,2021-07-13 14:13:35,79.99
BolCom,koptelefoon,Philips SHK2000 - Kids Koptelefoon - Blauw,Verkoop door bol.com,2021-07-13 14:13:35,19.99
BolCom,koptelefoon,JBL T500 - On-ear koptelefoon - Zwart,Verkoop door bol.com,2021-07-13 14:13:35,22.95
BolCom,koptelefoon,Sony WH-XB900N - Draadloze over-ear koptelefoon met Noise Cancelling - Zwart,Verkoop door bol.com,2021-07-13 14:13:35,124.99
BolCom,koptelefoon,JBL Live 650BTNC - Noise cancelling koptelefoon - Zwart,Verkoop door bol.com,2021-07-13 14:13:35,114.99
BolCom,koptelefoon,WISEQ Hero – Draadloze Kinderkoptelefoon - Bluetooth Koptelefoon voor Kinderen - 20 uur batterij - Blauw,WISEQ NL,2021-07-13 14:13:35,29.95
BolCom,koptelefoon,Sony WH-CH510 - Draadloze on-ear koptelefoon - Zwart,Verkoop door bol.com,2021-07-13 14:13:35,39.00
BolCom,koptelefoon,Sennheiser HD 350 BT - Draadloze over-ear koptelefoon - Zwart,Verkoop door bol.com,2021-07-13 14:13:35,79.00
BolCom,koptelefoon,Miiego AL3+ Woman Roze Goud - Bluetooth Draadloze on-ear Sport Koptelefoon,Emro Sport & Fashion B.V.,2021-07-13 14:13:35,84.95
BolCom,koptelefoon,Sennheiser HD 458BT - Draadloze koptelefoon met Noise Cancelling - Zwart/Rood,Verkoop door bol.com,2021-07-13 14:13:35,99.00
BolCom,koptelefoon,JBL Live 500BT - Over-ear Bluetooth Koptelefoon - Zwart,Verkoop door bol.com,2021-07-13 14:13:35,69.99
BolCom,koptelefoon,POGS Wireless kids headphones 'The Gecko' - Green | kinder koptelefoon | volumebegrensd | Bluetooth draadloos | duurzaam,POGS kids only Headphones,2021-07-13 14:13:35,59.00
BolCom,koptelefoon,Marshall Major IV headphone BT Black,Verkoop door bol.com,2021-07-13 14:13:36,99.00
BolCom,koptelefoon,"LifeGoods QuietSound Bluetooth Headphone - Draadloze Over-Ear Koptelefoon - Active Noise Cancelling - Microfoon - Incl. Carry Case, USB Draad & Aux Kabel - Zwart",LifeGoods,2021-07-13 14:13:36,54.99
BolCom,koptelefoon,Sennheiser PC 5 CHAT Stereofonisch Hoofdband - Zwart,Verkoop door bol.com,2021-07-13 14:13:36,16.95
BolCom,yogamat,Yoga mat - Fitness mat - Sport mat - Yoga mat anti slip - Yoga mat dik - Yoga mat zwart - Eco friendly,Rockerz Fitness,2021-07-13 14:13:52,26.95
BolCom,yogamat,SWILIX ® Fitness Mat - Incl. Draagriem En Draagtas - Zwart - 190 x 66 x 1.5 cm,Delta Goods,2021-07-13 14:13:52,29.95
BolCom,yogamat,YoZenga Premium yogamat | sportmat | Fitnessmat | extra dik| Mandala Purple/pink | TPE,Pademime,2021-07-13 14:13:52,34.95
BolCom,yogamat,Love Generation ● Design Yoga Mat ● Fitness Mat ● Sacred Print ● Wit,Yogashop,2021-07-13 14:13:52,39.90
BolCom,yogamat,"Yogamat - Fitness Mat - 6,5 mm - Zwart - Pilates Mat - Sport Mat",PochonlineBV,2021-07-13 14:13:52,13.95
BolCom,yogamat,Positive Things Yoga Mat – Fitness Mat met anti slip - 6mm dik - Yoga Mat Blauw,Greendays,2021-07-13 14:13:52,29.95
BolCom,yogamat,"Eco Yoga Mat - Inclusief Draagriem - Anti Slip - Extra Dik (6 mm) - 183 x 61 x 0,6 cm - Paars/Roze - Diverse kleuren",J.F Quality,2021-07-13 14:13:52,29.99
BolCom,yogamat,Swilix Yoga Mat / Fitness Mat - Incl. Draagriem En Draagtas - Zwart - 185 x 66 x 1.1 cm,Delta Goods,2021-07-13 14:13:53,27.95
BolCom,yogamat,"Eco Yoga Mat - Inclusief Draagriem - Anti Slip - Extra Dik (6 mm) - 183 x 61 x 0,6 cm - Zwart/Groen - Diverse kleuren",J.F Quality,2021-07-13 14:13:53,24.99
BolCom,yogamat,"Eco Yoga Mat - Inclusief Draagriem - Anti Slip - Extra Dik (6 mm) - 183 x 61 x 0,6 cm - Donker Blauw - Diverse kleuren",J.F Quality,2021-07-13 14:13:53,29.99
BolCom,yogamat,"Yoga mat zwart 1 cm dik, fitnessmat, pilates, aerobics",The Social products,2021-07-13 14:13:53,18.90
BolCom,yogamat,Yogamat - Fitness Mat - 16mm - Zwart -Extra Dik - Pilates Mat - Sport Mat,PochonlineBV,2021-07-13 14:13:53,21.55
BolCom,yogamat,Rockerz Fitness® - Yoga mat - Fitness mat - Sportmat - Yoga mat anti slip - Yoga mat dik - Yoga mat blauw - Eco friendly,Rockerz Fitness,2021-07-13 14:13:53,33.95
BolCom,yogamat,Positive Things Yoga mat – 100% Natuurvriendelijke Kurk Yoga mat met anti slip – Workout mat - Fitness mat,Greendays,2021-07-13 14:13:53,39.95
BolCom,yogamat,Tested by Athletes Pro II Fitnessmat + E-Book met oefeningen - 183 x 61 x 1cm NBR Foam - Oefenmat met draagtas- en riem - Voor Fitnessoefeningen en Yoga oefeningen,Drox B.V.,2021-07-13 14:13:53,24.95
BolCom,yogamat,YoZenga Premium yogamat natuurlijk kurk Chakra,Pademime,2021-07-13 14:13:53,49.95
BolCom,yogamat,Fuegobird Yoga Mat Tweekleurige serie - Roze&Purper - 183 x 61 x 0.6 cm,SUNBIRD,2021-07-13 14:13:53,25.99
BolCom,yogamat,Yoga mat Focus Fitness - 173 x 61 x 0.5 cm - Roze,Betersport,2021-07-13 14:13:53,15.94
BolCom,yogamat,MANDUKA X - 180 cm Yogamat Unisex - Black,Spiru,2021-07-13 14:13:53,56.99
BolCom,yogamat,Rockerz Fitness® - Yoga mat - Fitness mat - Sportmat - Yoga mat anti slip - Yoga mat dik - Yoga mat roze - Eco friendly,Rockerz Fitness,2021-07-13 14:13:53,33.95
BolCom,yogamat,Matchu Sports Anti Slip Yogamat - Zwart Met Mandala - 172 x 61 x 0.6 cm,Matchu Sports B.V.,2021-07-13 14:13:53,11.95
BolCom,yogamat,"Stanno Fitnessmat - 175 cm x 61cm x 0,4 cm - Grijs",Verkoop door bol.com,2021-07-13 14:13:53,9.79
BolCom,yogamat,Yogamat sticky extra dik moon indigo - Lotus - 6 mm,Superyoga.nl,2021-07-13 14:13:53,29.95
BolCom,yogamat,Love Generation ● Design Yoga Mat ● Fitness Mat ● MagicCarpet Print ● Mint,Yogashop,2021-07-13 14:13:53,39.90
BolCom,yogamat,Yogamat - Fitness Mat - 10mm - Blauw - Extra Dik - Pilates Mat - Sport Mat,PochonlineBV,2021-07-13 14:13:53,19.75
BolCom,yogamat,Pure2Improve Yoga mat P2I240030 - Unisex,Verkoop door bol.com,2021-07-13 14:13:53,13.95
BolCom,yogamat,Love Generation ● Design Yoga Mat ● Fitness Mat ● Lotus Print ● Roze,Yogashop,2021-07-13 14:13:53,39.90
BolCom,sjaal,Koelsjaal - Sjaal Dames & Heren Zomer - Verkoelende Sjaal - Koelsjaal Sport - Hoofdpijn Verlichter - Blauw - 2 stuks,Premium Commerce,2021-07-13 14:14:11,14.95
BolCom,sjaal,Emilie Scarves omslagdoek sjaal Lang Satijn - champagne beige - 200*70CM,Emilie Scarves gifts,2021-07-13 14:14:11,14.99
BolCom,sjaal,Sjaal met bloemenprint digitaal 70% viscose met 30 % zijde in meerdere kleuren,Modesjaals.nl,2021-07-13 14:14:11,10.95
BolCom,sjaal,Knit Factory Liv Omslagdoek - Violet - 100% biologisch katoen,knitfactory.com,2021-07-13 14:14:11,34.95
BolCom,sjaal,Premium kwaliteit Koelsjaal / Koelsjaaltje / verkoelende sjaal / Unisex koel sjaal - Zwart,FashionhouseNL,2021-07-13 14:14:11,14.95
BolCom,sjaal,PLO shemagh Zwart/Wit,SB Shop,2021-07-13 14:14:11,13.95
BolCom,sjaal,Sjaal Dames Wit - Zachte omslagdoek - 200*65cm,Luminous Luxury,2021-07-13 14:14:11,24.95
BolCom,sjaal,Koelsjaal - Sjaal Dames & Heren Zomer - Verkoelende Sjaal - Koelsjaal Sport - Hoofdpijn Verlichter - Zwart/Wit - 2 stuks,Premium Commerce,2021-07-13 14:14:11,14.95
BolCom,sjaal,Nederlands Elftal Sjaal - Holland - Oranje,Feestwarenhuis.nl,2021-07-13 14:14:11,5.50
BolCom,sjaal,Premium kwaliteit Koelsjaal / Koelsjaaltje / verkoelende sjaal / Unisex koel sjaal - Blauw,FashionhouseNL,2021-07-13 14:14:11,14.95
BolCom,sjaal,Broderie Ibiza sjaal | omslagdoek kant | 100% katoen | Beige | bohemian | pareo | driehoek sjaal,Emilie Scarves.,2021-07-13 14:14:11,9.95
BolCom,sjaal,MINIIYOU - Elegant Stijlvol Dames haar sjaal - hals sjaaltje 68x68 cm | groen beige | Neksjaaltje | Dames nek sjaaltje,MINIIYOU.nl,2021-07-13 14:14:11,14.95
BolCom,sjaal,Zijde Blend Sjaal – Lange Dames Sjaal – Blauw,lazycatsieraden.nl,2021-07-13 14:14:11,25.95
BolCom,sjaal,Emilie Scarves omslagdoek sjaal Lang Satijn - gebroken wit / crème - 200*70CM,Emilie Scarves gifts,2021-07-13 14:14:11,14.99
BolCom,sjaal,Bloemen schilderij klassiek 70% viscose met 30 % zijde van dunner materiaal,Modesjaals.nl,2021-07-13 14:14:11,10.95
BolCom,sjaal,Hard Roze Gele Sjaal | 100% Cashmere-Dames-Heren-Paisley-Omslagdoek-Pashmina-Stola-Fel Roze-Sale,Pashmina Shine,2021-07-13 14:14:11,49.95
BolCom,sjaal,Premium kwaliteit Koelsjaal / Koelsjaaltje / verkoelende sjaal / Unisex koel sjaal - Marine Blauw,FashionhouseNL,2021-07-13 14:14:11,14.95
BolCom,sjaal,Sjaal met een mix van bloemen in de kleur groen,Modesjaals.nl,2021-07-13 14:14:11,10.95
BolCom,sjaal,Emilie Scarves omslagdoek sjaal Lang Satijn - wit - 200*70CM,Emilie Scarves gifts,2021-07-13 14:14:11,14.99
BolCom,sjaal,Sjaal Nederlands Elftal KNVB - Oranje,Verkoop door bol.com,2021-07-13 14:14:11,14.95
BolCom,sjaal,Koelsjaal - Sjaal Dames & Heren Zomer - Verkoelende Sjaal - Koelsjaal Sport - Hoofdpijn Verlichter - Lichtblauw - 2 stuks,Premium Commerce,2021-07-13 14:14:11,14.95
BolCom,sjaal,Koelsjaal - Sjaal Dames & Heren Zomer - Verkoelende Sjaal - Koelsjaal Sport - Hoofdpijn Verlichter - Zwart/Wit,Premium Commerce,2021-07-13 14:14:11,11.95
BolCom,sjaal,Emilie Scarves Sjaal Zijden Van Gogh Amandelbloesem - Blauw - Giftbox,Emilie Scarves gifts,2021-07-13 14:14:11,24.95
BolCom,sjaal,Premium kwaliteit Koelsjaal / Koelsjaaltje / verkoelende sjaal / Unisex koel sjaal - Wit,FashionhouseNL,2021-07-13 14:14:11,14.95
BolCom,sjaal,Dames sjaal - omslagdoek - zwart | dunne omslagsjaal | Stola | chiffon sjaal,MINIIYOU.nl,2021-07-13 14:14:11,16.95
BolCom,sjaal,Sjaal Italië,WW.FAN-SHOP.BE,2021-07-13 14:14:11,14.99
BolCom,sjaal,Vierkante sjieke sjaal met kleuren 130 x 130 / 70% viscose met 30 % zijde,Modesjaals.nl,2021-07-13 14:14:11,14.95
BolCom,sjaal,Emilie Scarves omslagdoek sjaal Lang Satijn - rood - 200*70CM,Emilie Scarves.,2021-07-13 14:14:11,14.99
BolCom,badjas,Dreamhouse Waffle - Badjas - Antraciet - Medium,Dromen & Wonen,2021-07-13 14:14:27,22.06
BolCom,badjas,Dreamhouse Soft Terry - Badjas - Katoen badstof - S/M - Creme - Ultra zacht en warm,Dromen & Wonen,2021-07-13 14:14:27,25.00
BolCom,badjas,Komfortec Badjas Met Capuchon - 100% Zacht Katoen - Kwaliteit Sneldrogende Badstof,Mezken Shop,2021-07-13 14:14:27,33.90
BolCom,badjas,Komfortec Badjas Met Capuchon - 100% Zacht Katoen - Kwaliteit Sneldrogende Badstof,Mezken Shop,2021-07-13 14:14:27,33.90
BolCom,badjas,The One Badstoffen Badjas met capuchon Zwart L/XL,Badgoed.com,2021-07-13 14:14:27,29.50
BolCom,badjas,Gusta Fleece Badjas Donkergrijs,nadia serlez,2021-07-13 14:14:27,29.00
BolCom,badjas,Dreamhouse Waffle - Badjas - Donker Blauw - Large,Dromen & Wonen,2021-07-13 14:14:27,27.95
BolCom,badjas,Wafel Badjas - Antraciet - L/XL - The One Towelling,Badgoed.com,2021-07-13 14:14:27,25.95
BolCom,badjas,Unisex badjas fleece - sjaalkraag - zwart - badjas heren - badjas dames - maat L/XL,Badjasparadijs,2021-07-13 14:14:27,37.95
BolCom,badjas,"Gusta Fleece badjas Lichtgrijs , verpakt in fleece zakje .",De Tafel van 10,2021-07-13 14:14:27,21.99
BolCom,badjas,Seahorse Waffle - Kimono Badjas - Indigo - XXL,Verkoop door bol.com,2021-07-13 14:14:27,35.95
BolCom,badjas,ZusenZomer Hamam katoenen Badjas sauna - unisex - hammam ochtendjas kamerjas heren en dames - donkerblauw - S/M,ZusenZomer,2021-07-13 14:14:27,49.95
BolCom,badjas,Seahorse Waffle - Kimono Badjas - Denim - L,Verkoop door bol.com,2021-07-13 14:14:27,35.96
BolCom,badjas,Wafel Badjas - Donkerblauw - L/XL - The One Towelling,Badgoed.com,2021-07-13 14:14:28,25.95
BolCom,badjas,UNIFICATO Badjas Zwart - 100% katoen - maat S,TREND TEXTILES B.V.,2021-07-13 14:14:28,33.00
BolCom,badjas,Seahorse Pure - Badjas - Lily Green - XL,Verkoop door bol.com,2021-07-13 14:14:28,41.95
BolCom,badjas,ZusenZomer Ochtendjas Katoen Dames - Sauna hamam Badjas - caramel-turquoise,ZusenZomer,2021-07-13 14:14:28,59.95
BolCom,badjas,Prénatal Nijntje Badjas voor Jongens en Meisjes - Badjas voor kinderen - Wit - Maat 86/92,prenatal.nl,2021-07-13 14:14:28,19.99
BolCom,badjas,Baby badjas / handdoek - Giraffe - Kraamcadeau - Teddystof,WUNO,2021-07-13 14:14:28,25.99
BolCom,badjas,Seahorse Waffle - Kimono Badjas - Pearl Pink - XL,Verkoop door bol.com,2021-07-13 14:14:28,35.96
BolCom,badjas,The One Badjas - Badstof - Met capuchon - Antraciet - L/XL,Badgoed.com,2021-07-13 14:14:28,29.50
BolCom,badjas,Dreamhouse Soft Terry - Badjas - Katoen badstof - S/M - Taupe - Ultra zacht en warm,Dromen & Wonen,2021-07-13 14:14:28,25.00
BolCom,halsketting,Schakelketting - Roestvrij Staal - Halsketting - 5mm/50cm,lazycatsieraden.nl,2021-07-13 14:14:48,19.99
BolCom,halsketting,Elli Halsketting Kruis 925 Sterling Zilver,Verkoop door bol.com,2021-07-13 14:14:48,23.90
BolCom,halsketting,Schitterende 18K Gold Plated Halsketting met Hanger,Schitterende Ringen.nl,2021-07-13 14:14:48,59.95
BolCom,halsketting,Schitterende Gold Plated Zilveren Halsketting met Hart en Sleutel,Schitterende Ringen.nl,2021-07-13 14:14:48,59.95
BolCom,halsketting,"Totum Bling Bling ringsieraden maken - halsketting, armband en oorbellen maken - sieradenset in luxe bewaarkoffer",Verkoop door bol.com,2021-07-13 14:14:48,9.99
BolCom,halsketting,Elli Halsketting 925 Sterling Zilver Hartje,Verkoop door bol.com,2021-07-13 14:14:48,22.90
BolCom,halsketting,Elli Halsketting Kruis Symbool Basic 925 Zilver verguld,Verkoop door bol.com,2021-07-13 14:14:48,31.92
BolCom,halsketting,Opbergdoosje met +500 Zilveren Onderdelen – Sieraden Maken met 10 Verschillende Types Juwelen Onderdelen – Armbanden/Halskettingen/Oorbellen/Enkelbandjes en Meer – BB201 Zilver,Q-Store NL,2021-07-13 14:14:48,16.95
BolCom,halsketting,Stalen Ketting - Halsketting RVS Edelstaal - 4mm/45cm,lazycatsieraden.nl,2021-07-13 14:14:48,16.95
BolCom,halsketting,Basis -Halsketting- Zilver- 50 cm- Jasseron- 2 mm-Charme Bijoux,Charme Bijoux,2021-07-13 14:14:48,18.99
BolCom,halsketting,Elli Dames Halsketting Dames Sterrenmaan met Kristallen in 925 Sterling Zilver,Julie & Grace,2021-07-13 14:14:48,39.90
BolCom,halsketting,Lange Parelketting - Zoetwaterparels - Halsketting - 80cm,lazycatsieraden.nl,2021-07-13 14:14:48,49.95
BolCom,halsketting,Dielay - Display voor Halskettingen - Sieradenhouder - PU kunstleer - 19x18 cm - Wit,DIELAY B.V.,2021-07-13 14:14:48,14.95
BolCom,halsketting,Opbergdoosje met +500 Gouden Onderdelen – Sieraden Maken met 10 Verschillende Types Juwelen Onderdelen – Armbanden/Halskettingen/Oorbellen/Enkelbandjes en Meer – BB201 Goud,Q-Store NL,2021-07-13 14:14:48,16.95
BolCom,halsketting,Elli Dames Halsketting Dameskruis hanger Religie met Kristallen in 925 Sterling zilver rRosegold,Julie & Grace,2021-07-13 14:14:48,49.90
BolCom,halsketting,Schitterende 18K Gold Plated Halsketting met Hanger Krans,Schitterende Ringen.nl,2021-07-13 14:14:48,49.95
BolCom,halsketting,zilveren ketting met twee vlindertjes- 40 cm- Collier- Halsketting -Charme Bijoux,Charme Bijoux,2021-07-13 14:14:48,18.99
BolCom,halsketting,Elli Halsketting maansteen halve maan Veer Stern 925 Sterling Zilver,Julie & Grace,2021-07-13 14:14:48,59.90
BolCom,halsketting,Elli Halsketting Veer met Kristal 925 Zilver,Verkoop door bol.com,2021-07-13 14:14:48,36.79
BolCom,halsketting,Dielay - Display voor Halskettingen - Sieradenhouder - Fluweel - 19x18 cm - Zwart,DIELAY B.V.,2021-07-13 14:14:48,14.95
BolCom,halsketting,halsketting - waxkoord met haaientand hanger - 40 cm,De Kristalmijn,2021-07-13 14:14:48,9.95
BolCom,halsketting,Zilveren Slangenketting - Halsketting - 1.2mm,lazycatsieraden.nl,2021-07-13 14:14:48,18.95
BolCom,halsketting,Jasseron-Basis Halsketting -Zilver- 55 cm 2 mm- Charme Bijoux,Charme Bijoux,2021-07-13 14:14:48,18.99
BolCom,halsketting,Her King His Queen kettingen met letterhangertjes voor koppels | | Halsketting | Sieradenset | Relatie cadeautje | Valentijnsdag cadeau | Romantisch geschenk,iFlair,2021-07-13 14:14:48,17.95
BolCom,halsketting,Elli Halsketting Dames Choker Cirkel Minimal Basic Trend in 925 Sterling Zilver Verguld,Julie & Grace,2021-07-13 14:14:48,34.90
BolCom,halsketting,Elli Dames Halsketting Dames Choker Kwaad Oog Trend Blogger met email in 925 Sterling Zilver,Julie & Grace,2021-07-13 14:14:48,44.90
BolCom,portemonnee,Mini Dames Portemonnee met Anti Skim - Zwart - Bescherming tegen Elektronisch Diefstal,Play-it,2021-07-13 14:15:06,10.49
BolCom,portemonnee,Trendy Mini Portemonnee - Creditcardhouder - Pasjeshouder - Zwart,Superdealer,2021-07-13 14:15:06,5.89
BolCom,portemonnee,Dali Leather - Dames Portemonnee - Dames Overslagportemonnee - Harmonicamodel - Vintage - Geschuurd Leer - Khaki - 14 Pasjes,bagsandwallets.nl,2021-07-13 14:15:06,39.95
BolCom,portemonnee,Wild Herenportemonnee Stevig Hunterleer Donkerbruin - Volledig Leer - Herenportefeuille - Heren Portemonnee,Fanabags.nl,2021-07-13 14:15:06,24.95
BolCom,portemonnee,Dutch Arrows Portemonnee - Dames - Leer - Cadeau - Gift - Geschenk,Muntex,2021-07-13 14:15:06,19.95
BolCom,portemonnee,Dames Portemonnee - Clutch – Zwart Blauw PU-leer,Finisa,2021-07-13 14:15:06,12.95
BolCom,portemonnee,Lundholm Leren portemonnee heren leer portefeuille heren - cadeau voor man heren portemonnee Heren RFID Billfold Bruin,Hilten Lederwaren.nl,2021-07-13 14:15:06,27.99
BolCom,portemonnee,TravelSky Luxe Reis Portemonnee Leer - Paspoort Houder Reisportefeuille met RFID - Travel Wallet Etui Reis Documenten Organizer - Hoesje - Mapje - Dames - Heren - Zwart,LifeGoods,2021-07-13 14:15:06,12.95
BolCom,portemonnee,Dames Portemonnee met Dubbele Ritssluiting - Zwart,E-readerweb.nl,2021-07-13 14:15:06,25.95
BolCom,portemonnee,Old West Leren Portemonnee met Drukknoopsluiting en ritssluiting - Hunterleer - 10 Pasjes - RFID – Zwart,NUBA,2021-07-13 14:15:06,19.99
BolCom,portemonnee,Dames Portemonnee Mini Lichtblauw Leer - Dames Portemonnee Lichtblauw Extra Klein,Arrigo.nl,2021-07-13 14:15:06,17.99
BolCom,portemonnee,Compacte RFID Portemonnee met Rits en ID-Venster - Anti Skim Pasjeshouder - Zwart,MolinQ,2021-07-13 14:15:06,17.95
BolCom,portemonnee,ZILOU® Portemonnee - Dames - Overslag - Ritsvak - Zwart,ZILOU,2021-07-13 14:15:06,19.95
BolCom,portemonnee,Dames Portemonnee Leer Luxe Overslag Model Met Ritsvak - Cognac,Arrigo.nl,2021-07-13 14:15:06,23.99
BolCom,portemonnee,Pluto Lederwaren - Luxe Portemonnee Dames RFID - Volledig Leer - Zwart - Dames Portemonnee RFID - Portefeuille Dames RFID / Anti Skim,Pluto Gadgets,2021-07-13 14:15:06,39.99
BolCom,portemonnee,WALL IT Portemonnee Heren - Pasjes Houder - Zwart,Play-it,2021-07-13 14:15:06,12.99
BolCom,portemonnee,Old West Leren Portemonnee met Drukknoopsluiting en ritssluiting - Hunterleer - 10 Pasjes - RFID - Bruin,Cadebo Kantoorboekhandel,2021-07-13 14:15:06,17.70
BolCom,portemonnee,Bagwise® Sleuteltasje - mini Portemonnee -Sleutelring - Pasjeshouder - Sleutelhoes - 11cm x 8cm - Echt Leer - Zwart,Bagwise Bags,2021-07-13 14:15:06,12.95
BolCom,portemonnee,ZILOU® Portemonnee - Dames - Compact - Ritsvak - Kunstleer - Grijs,ZILOU,2021-07-13 14:15:06,19.95
BolCom,portemonnee,Portemonnee Naturel Leer Dames Met Bloemenprint RFID - Cognac Lederen Dames Portemonnee Anti-Skim,Arrigo.nl,2021-07-13 14:15:06,29.99
BolCom,portemonnee,ZILOU® Portemonnee - Compact - Dames - Kunstleer - Roze,ZILOU,2021-07-13 14:15:06,19.95
BolCom,portemonnee,Double-D Overslagportemonnee - Dames - Leer - Blauw,BusinessMe,2021-07-13 14:15:06,19.30
BolCom,portemonnee,Guess Dames portemonnee Naya - zwart,Verkoop door bol.com,2021-07-13 14:15:06,31.49
BolCom,portemonnee,ZILOU® Ritsportemonnee - Telefoonvak - Polsband - Dames - Kunstleer - Roze,ZILOU,2021-07-13 14:15:06,23.95
BolCom,portemonnee,Shag etui leer - Shag hoesje - Shag zak - Shag buidel - Shag etui - Tabak etui - Tabaksetui - Shag etui tabak - Etui leer - Zwart - Shag etui - shag etui tabak - shag etui heren - shag mapje - shag etui leer vrouwen - shag buidel - shag hoesje,LeonDesign,2021-07-13 14:15:06,19.99
BolCom,portemonnee,Micmacbags New Navajo Dames Portemonnee - Cognac,Verkoop door bol.com,2021-07-13 14:15:06,44.95
BolCom,portemonnee,ZILOU® Ritsportemonnee - Telefoonvak - Polsband - Dames - Kunstleer - Groen,ZILOU,2021-07-13 14:15:06,23.95
BolCom,portemonnee,LOUZIR Dames Portemonnee - Clutch – Zwart Blauw PU-leer Design portemonnee voor 12 pasjes en 5 opbergvakjes,LOUZIR NL,2021-07-13 14:15:07,11.88
