website,item,product,time,price
Bonprix,tafellaken,Plaid met patchworkprint,2021-07-13 12:27:48,vanaf € 6.99
Bonprix,tafellaken,Plaid met ornamenten,2021-07-13 12:27:48,vanaf € 4.99
Bonprix,tafellaken,Placemats in bladvorm (set van 4),2021-07-13 12:27:48,€ 15.99
Bonprix,tafellaken,Plaid met ornamenten,2021-07-13 12:27:49,vanaf € 6.99
Bonprix,tafellaken,Plaid met ruiten,2021-07-13 12:27:49,vanaf € 6.99
Bonprix,tafellaken,Plaid met patchworkprint,2021-07-13 12:27:49,vanaf € 6.99
Bonprix,tafellaken,Sprei in linnen look,2021-07-13 12:27:49,vanaf € 7.99
Bonprix,tafellaken,Decoratiedoek,2021-07-13 12:27:49,vanaf € 18.99
Bonprix,rok,Rok,2021-07-13 12:28:10,€ 21.99
Bonprix,rok,Jersey rok in midilengte,2021-07-13 12:28:10,€ 15.99 € 12.99
Bonprix,rok,Stretch jersey rok (set van 2),2021-07-13 12:28:10,"stuksprijs:
€ 5.99"
Bonprix,rok,Chiffon maxi rok,2021-07-13 12:28:10,€ 19.99
Bonprix,rok,Rok,2021-07-13 12:28:10,€ 33.99 € 19.99
Bonprix,rok,High-low rok van kant,2021-07-13 12:28:10,€ 39.99 € 25.99
Bonprix,rok,Chiffon maxi rok,2021-07-13 12:28:10,€ 29.99 € 18.99
Bonprix,rok,Volantrok van duurzame viscose,2021-07-13 12:28:10,€ 29.99
Bonprix,rok,Rok met plooitjes en split,2021-07-13 12:28:10,€ 29.99 € 19.99
Bonprix,rok,Lange rok,2021-07-13 12:28:10,€ 24.99
Bonprix,rok,Rok in wikkellook,2021-07-13 12:28:10,€ 26.99
Bonprix,rok,Stretch rok met strikkoordjes,2021-07-13 12:28:10,€ 12.99
Bonprix,rok,Linnen rok,2021-07-13 12:28:10,€ 29.99 € 19.99
Bonprix,rok,Midi rok met knopen,2021-07-13 12:28:11,€ 14.99
Bonprix,rok,Rok met volant,2021-07-13 12:28:11,€ 38.99
Bonprix,rok,Stretch rok met comfortband,2021-07-13 12:28:11,€ 21.99
Bonprix,rok,3-in-1 rok,2021-07-13 12:28:11,€ 17.99
Bonprix,rok,Jersey rok,2021-07-13 12:28:11,€ 15.99
Bonprix,rok,Satijnen plissé rok met gerecycled polyester,2021-07-13 12:28:11,€ 22.99
Bonprix,rok,Twill rok,2021-07-13 12:28:11,€ 29.99
Bonprix,rok,Elastische jacquard kokerrok,2021-07-13 12:28:11,€ 19.99
Bonprix,rok,Maxi rok met glittereffect,2021-07-13 12:28:11,€ 19.99
Bonprix,rok,Maxi rok,2021-07-13 12:28:11,€ 29.99
Bonprix,rok,Mesh rok met elastische band,2021-07-13 12:28:11,€ 35.99
Bonprix,rok,Jersey rok met duurzame viscose,2021-07-13 12:28:11,€ 17.99
Bonprix,rok,Maxi rok van duurzame viscose,2021-07-13 12:28:11,€ 36.99
Bonprix,rok,Viscose rok met print,2021-07-13 12:28:11,€ 29.99
Bonprix,rok,Wikkelrok,2021-07-13 12:28:11,€ 15.99
Bonprix,rok,High waist stretch rok met comfortband,2021-07-13 12:28:11,€ 29.99
Bonprix,rok,"Jersey rok, 2-in-1",2021-07-13 12:28:11,€ 19.99
Bonprix,rok,High-low rok,2021-07-13 12:28:11,€ 28.99 € 17.99
Bonprix,rok,Rok,2021-07-13 12:28:11,€ 19.99
Bonprix,rok,Imitatieleren rok,2021-07-13 12:28:11,€ 29.99
Bonprix,rok,Jersey rok met elastische band in maxilengte,2021-07-13 12:28:11,€ 18.99
Bonprix,rok,Jersey rok in wikkellook,2021-07-13 12:28:11,€ 33.99
Bonprix,rok,Rok,2021-07-13 12:28:11,€ 24.99
Bonprix,rok,Rok,2021-07-13 12:28:12,€ 23.99 € 19.99
Bonprix,rok,Plissé rok,2021-07-13 12:28:12,€ 19.99 € 12.99
Bonprix,rok,Cargo rok,2021-07-13 12:28:12,€ 29.99
Bonprix,rok,Rok,2021-07-13 12:28:12,€ 31.99
Bonprix,rok,Linnen rok met knoopjes,2021-07-13 12:28:12,€ 31.99
Bonprix,rok,Rok,2021-07-13 12:28:12,€ 19.99
Bonprix,rok,Gebloemde rok,2021-07-13 12:28:12,€ 29.99
Bonprix,rok,Jersey maxi rok met spannende print,2021-07-13 12:28:12,€ 29.99
Bonprix,rok,Imitatiesuède rok,2021-07-13 12:28:12,€ 34.99
Bonprix,rok,Rok met knoopsluiting,2021-07-13 12:28:12,€ 28.99
Bonprix,rok,Midi rok met broderie anglaise,2021-07-13 12:28:12,€ 31.99
Bonprix,rok,Maxi rok met gebatikt effect,2021-07-13 12:28:12,€ 25.99
Bonprix,rok,Rok van Maite Kelly,2021-07-13 12:28:12,€ 19.99
Bonprix,rok,Rok,2021-07-13 12:28:12,€ 29.99 € 22.99
Bonprix,rok,Corduroy rok,2021-07-13 12:28:12,€ 29.99
Bonprix,rok,Maxi rok van TENCEL™ lyocell,2021-07-13 12:28:12,€ 36.99
Bonprix,rok,Maxirok met splitten,2021-07-13 12:28:12,€ 19.99
Bonprix,rok,Imitatieleren rok,2021-07-13 12:28:12,€ 34.99 € 22.99
Bonprix,rok,Rok,2021-07-13 12:28:12,€ 19.99 € 18.99
Bonprix,rok,Maite Kelly rok met comfortband,2021-07-13 12:28:12,€ 34.99
Bonprix,rok,Viscose rok,2021-07-13 12:28:12,€ 29.99
Bonprix,rok,Plissé rok met stippen,2021-07-13 12:28:12,€ 29.99
Bonprix,rok,Rok (set van 2),2021-07-13 12:28:13,"stuksprijs:
€ 7.49"
Bonprix,rok,Rok,2021-07-13 12:28:13,€ 19.99
Bonprix,rok,Rok met knoopsluiting,2021-07-13 12:28:13,€ 16.99
Bonprix,rok,Rok met volant,2021-07-13 12:28:13,€ 18.99
Bonprix,rok,Rok,2021-07-13 12:28:13,€ 29.99
Bonprix,rok,Midi rok met knoopsluiting van gerecycled polyester,2021-07-13 12:28:13,€ 29.99
Bonprix,rok,Kokerrok met ritssluiting,2021-07-13 12:28:13,€ 29.99
Bonprix,rok,Gebreide rok,2021-07-13 12:28:13,€ 23.99
Bonprix,rok,Maxi rok,2021-07-13 12:28:13,€ 28.99 € 19.99
Bonprix,rok,Jersey rok,2021-07-13 12:28:13,€ 19.99
Bonprix,rok,Rok van TENCEL™ lyocell,2021-07-13 12:28:13,€ 28.99
Bonprix,rok,Stretch corduroy rok,2021-07-13 12:28:13,€ 22.99
Bonprix,rok,Chiffon rok,2021-07-13 12:28:13,€ 32.99
Bonprix,rok,Rok met kant,2021-07-13 12:28:13,€ 19.99
Bonprix,rok,Rok,2021-07-13 12:28:13,€ 19.99
Bonprix,rok,Rok,2021-07-13 12:28:13,€ 23.99
Bonprix,rok,Kanten rok,2021-07-13 12:28:13,€ 29.99 € 25.99
Bonprix,rok,Rok met print,2021-07-13 12:28:13,€ 23.99 € 17.99
Bonprix,rok,Strokenrok met gerecycled polyester,2021-07-13 12:28:13,€ 31.99
Bonprix,rok,Tiroler rok,2021-07-13 12:28:13,€ 38.99
Bonprix,rok,Jersey rok,2021-07-13 12:28:13,€ 22.99
Bonprix,rok,Rok,2021-07-13 12:28:14,€ 19.99
Bonprix,rok,Rok,2021-07-13 12:28:14,€ 29.99
Bonprix,rok,Jersey rok (set van 2) van biologisch katoen,2021-07-13 12:28:14,"stuksprijs:
€ 7.99"
Bonprix,rok,Rok met comfortband,2021-07-13 12:28:14,€ 19.99
Bonprix,rok,Shirtrok in wikkellook,2021-07-13 12:28:14,€ 14.99
Bonprix,rok,Gedessineerde rok,2021-07-13 12:28:14,€ 19.99
Bonprix,rok,Imitatieleren rok met riem,2021-07-13 12:28:14,€ 46.99
Bonprix,rok,Maxi rok met glencheck,2021-07-13 12:28:14,€ 33.99 € 26.99
Bonprix,rok,Tiroler rok,2021-07-13 12:28:14,€ 51.99
Bonprix,rok,Rok met elastische band,2021-07-13 12:28:14,€ 13.99
Bonprix,rok,Imitatieleren rok,2021-07-13 12:28:14,€ 36.99
Bonprix,rok,"Triangel bh, rok en kousenband (3-dlg. set)",2021-07-13 12:28:14,€ 19.99
Bonprix,rok,Rok,2021-07-13 12:28:14,€ 29.99
Bonprix,rok,Rok met broderie anglaise,2021-07-13 12:28:14,€ 34.99
Bonprix,rok,Rok met broderie anglaise,2021-07-13 12:28:14,€ 29.99
Bonprix,rok,Rok van tule,2021-07-13 12:28:14,€ 19.99
Bonprix,rok,Rok met strepen,2021-07-13 12:28:14,€ 11.99 € 9.99
Bonprix,rok,Rok (set van 2),2021-07-13 12:28:14,"stuksprijs:
€ 8.99"
Bonprix,rok,Rok met TENCEL™ lyocell,2021-07-13 12:28:14,€ 29.99
Bonprix,rok,3-in-1 rok,2021-07-13 12:28:14,€ 16.99
Bonprix,rok,Strokenrok van chiffon,2021-07-13 12:28:14,€ 17.99 € 11.99
Bonprix,muts,Baby boxpak en muts (2-dlg. set),2021-07-13 12:28:35,€ 14.99
Bonprix,muts,Baby muts (set van 3) biologisch katoen,2021-07-13 12:28:35,"stuksprijs:
€ 4.00"
Bonprix,muts,"Rompertje, korte broek en muts (3-dlg. set) biologisch katoen",2021-07-13 12:28:35,€ 9.99
Bonprix,muts,Muts Mickey Mouse,2021-07-13 12:28:35,€ 14.99 € 6.99
Bonprix,muts,"Baby shirt, sweat tuinbroek en muts (3-dlg. set) van biologisch katoen",2021-07-13 12:28:35,€ 15.99
Bonprix,muts,"Rompertje met korte mouw, broek en muts (3-dlg. set) van biologisch katoen",2021-07-13 12:28:35,"stuksprijs:
€ 5.00"
Bonprix,rugzak,Rugzak,2021-07-13 12:28:59,€ 26.99
Bonprix,rugzak,Rugzak,2021-07-13 12:28:59,€ 22.99
Bonprix,rugzak,Rugzak,2021-07-13 12:28:59,€ 29.99
Bonprix,rugzak,Rugzak,2021-07-13 12:28:59,€ 37.99
Bonprix,rugzak,Rugzak,2021-07-13 12:28:59,€ 26.99
Bonprix,rugzak,Sport rugzak,2021-07-13 12:28:59,€ 32.99
Bonprix,rugzak,Rugzak,2021-07-13 12:28:59,€ 29.99
Bonprix,rugzak,Rugzak,2021-07-13 12:28:59,€ 26.99
Bonprix,rugzak,Rugzak,2021-07-13 12:28:59,€ 29.99
Bonprix,rugzak,Leren rugzak,2021-07-13 12:28:59,€ 49.99
Bonprix,rugzak,Rugzak,2021-07-13 12:28:59,€ 25.99
Bonprix,vloerkleed,Vloerkleed in patchworklook,2021-07-13 12:29:21,vanaf € 17.99
Bonprix,vloerkleed,Binnen- en buitenkleed met oriëntaals motief,2021-07-13 12:29:21,vanaf € 24.99
Bonprix,vloerkleed,Synthetische vacht,2021-07-13 12:29:21,vanaf € 12.99
Bonprix,vloerkleed,Vloerkleed,2021-07-13 12:29:21,vanaf € 24.99
Bonprix,vloerkleed,Kelim vloerkleed met kwastjes,2021-07-13 12:29:21,vanaf € 29.99
Bonprix,vloerkleed,Vloerkleed met grote bladeren,2021-07-13 12:29:21,vanaf € 29.99
Bonprix,vloerkleed,Binnen- en buitenkleed in natural look,2021-07-13 12:29:21,vanaf € 119.99
Bonprix,vloerkleed,Vloerkleed,2021-07-13 12:29:21,vanaf € 17.99
Bonprix,vloerkleed,Vloerkleed met oriëntaals patroon,2021-07-13 12:29:22,€ 19.99 vanaf € 9.99
Bonprix,vloerkleed,Binnen- en buitenkleed met marmerpatroon,2021-07-13 12:29:22,vanaf € 22.99
Bonprix,vloerkleed,Binnen- en buitenloper met boord,2021-07-13 12:29:22,vanaf € 17.99
Bonprix,vloerkleed,Vloerkleed met gouden print,2021-07-13 12:29:22,vanaf € 22.99
Bonprix,vloerkleed,Vloerkleed met bladermotieven,2021-07-13 12:29:22,vanaf € 17.99
Bonprix,vloerkleed,Binnen- en buitenkleed met geweven structuur,2021-07-13 12:29:22,vanaf € 22.99
Bonprix,vloerkleed,Binnen- en buitenkleed met bladeren,2021-07-13 12:29:22,vanaf € 22.99
Bonprix,vloerkleed,Binnen- en buitenkleed met ruitpatroon,2021-07-13 12:29:22,vanaf € 22.99
Bonprix,vloerkleed,Vloerkleed met grote vlinder,2021-07-13 12:29:22,vanaf € 17.99
Bonprix,vloerkleed,Vloerkleed,2021-07-13 12:29:22,vanaf € 19.99
Bonprix,vloerkleed,Vloerkleed met ornamentenstructuur,2021-07-13 12:29:22,vanaf € 17.99
Bonprix,vloerkleed,Vloerkleed,2021-07-13 12:29:22,vanaf € 29.99
Bonprix,vloerkleed,Synthetisch zebravel,2021-07-13 12:29:22,vanaf € 19.99
Bonprix,vloerkleed,Binnen- en buitenkleed met boord,2021-07-13 12:29:22,vanaf € 29.99
Bonprix,vloerkleed,Vloerkleed met schilderachtig motief,2021-07-13 12:29:22,vanaf € 29.99
Bonprix,vloerkleed,Vloerkleed met etnopatroon,2021-07-13 12:29:22,vanaf € 14.99
Bonprix,vloerkleed,Binnen- en buitenkleed met rond motief,2021-07-13 12:29:22,vanaf € 19.99
Bonprix,vloerkleed,Binnen- en buitenkleed met ankers,2021-07-13 12:29:22,vanaf € 22.99
Bonprix,vloerkleed,Vloerkleed met olifant,2021-07-13 12:29:22,vanaf € 29.99
Bonprix,vloerkleed,Vloerkleed met oriëntaals patroon,2021-07-13 12:29:22,vanaf € 19.99
Bonprix,vloerkleed,Kunstgras van naaldvilt in vaste maten,2021-07-13 12:29:22,vanaf € 29.99
Bonprix,vloerkleed,Binnen- en buitenkleed met stuurwiel,2021-07-13 12:29:22,vanaf € 22.99
Bonprix,vloerkleed,Anti-slip onderkleed,2021-07-13 12:29:23,vanaf € 5.99
Bonprix,vloerkleed,Loper «Joy»,2021-07-13 12:29:23,vanaf € 49.99
Bonprix,vloerkleed,Binnen- en buitenkleed met nostalgische motieven,2021-07-13 12:29:23,vanaf € 19.99
Bonprix,vloerkleed,Vloerkleed met grote bloemen,2021-07-13 12:29:23,vanaf € 17.99
Bonprix,vloerkleed,Vloerkleed met structuur,2021-07-13 12:29:23,€ 17.99 vanaf € 7.99
Bonprix,vloerkleed,Trapmat met reliëfeffect,2021-07-13 12:29:23,€ 22.99 vanaf € 12.99
Bonprix,vloerkleed,Hoogpolig vloerkleed met modern patroon,2021-07-13 12:29:23,vanaf € 17.99
Bonprix,vloerkleed,Vloerkleed met kleurverloop,2021-07-13 12:29:23,vanaf € 17.99
Bonprix,vloerkleed,Kunstgras binnen- en buitenkleed,2021-07-13 12:29:23,€ 94.99 € 34.99
Bonprix,vloerkleed,Vloerkleed met golvend patroon,2021-07-13 12:29:23,vanaf € 19.99
Bonprix,vloerkleed,Binnen- en buitenkleed met etnopatroon,2021-07-13 12:29:23,vanaf € 24.99
Bonprix,vloerkleed,Vloerkleed «Debbie»,2021-07-13 12:29:23,vanaf € 74.99
Bonprix,vloerkleed,Binnen- en buitenkleed,2021-07-13 12:29:23,vanaf € 17.99
Bonprix,vloerkleed,Vloerkleed in vintage look,2021-07-13 12:29:23,vanaf € 19.99
Bonprix,vloerkleed,Trapmat met gedraaide lussen,2021-07-13 12:29:23,€ 129.99 € 39.99
Bonprix,vloerkleed,Binnen- en buitenkleed met boord,2021-07-13 12:29:23,vanaf € 17.99
Bonprix,vloerkleed,Binnen- en buitenkleed met boord,2021-07-13 12:29:23,vanaf € 22.99
Bonprix,vloerkleed,Vloerkleed met franjes,2021-07-13 12:29:23,vanaf € 22.99
Bonprix,vloerkleed,Binnen- en buitenkleed met decente structuur,2021-07-13 12:29:23,vanaf € 19.99
Bonprix,vloerkleed,Vloerkleed in zachte kleuren,2021-07-13 12:29:23,€ 49.99 vanaf € 19.99
Bonprix,vloerkleed,Rond binnen- en buitenkleed met groot ornament,2021-07-13 12:29:24,vanaf € 29.99
Bonprix,vloerkleed,Hoogpolig vloerkleed met extra zacht velours,2021-07-13 12:29:24,vanaf € 22.99
Bonprix,vloerkleed,Binnen- en buitenkleed met palmbladeren,2021-07-13 12:29:24,vanaf € 22.99
Bonprix,vloerkleed,Vloerkleed met indrukwekkend dessin,2021-07-13 12:29:24,€ 24.99 vanaf € 9.99
Bonprix,vloerkleed,Vloerkleed met kleurverloop,2021-07-13 12:29:24,vanaf € 19.99
Bonprix,vloerkleed,Vloerkleed met bladermotieven,2021-07-13 12:29:24,€ 24.99 vanaf € 9.99
Bonprix,vloerkleed,Glad geweven binnen- en buitenkleed in retrostijl,2021-07-13 12:29:24,vanaf € 22.99
Bonprix,vloerkleed,Hoogpolig vloerkleed met dichte pool,2021-07-13 12:29:24,vanaf € 22.99
Bonprix,vloerkleed,Kelim binnen- en buitenkleed met digitale print,2021-07-13 12:29:24,vanaf € 24.99
Bonprix,vloerkleed,Vloerkleed met gemarmerd patroon,2021-07-13 12:29:24,vanaf € 17.99
Bonprix,vloerkleed,Kelim vloerkleed met reliëfstructuur,2021-07-13 12:29:24,vanaf € 29.99
Bonprix,vloerkleed,Vloerkleed met gestileerde bloemen,2021-07-13 12:29:24,vanaf € 19.99
Bonprix,vloerkleed,Kelim vloerkleed met strepen in aardetinten,2021-07-13 12:29:24,vanaf € 22.99
Bonprix,vloerkleed,Vloerkleed met bladermotieven,2021-07-13 12:29:24,€ 49.99 vanaf € 29.99
Bonprix,vloerkleed,"Hoogpolig vloerkleed, effen en veelzijdig",2021-07-13 12:29:24,vanaf € 14.99
Bonprix,vloerkleed,Rond binnen- en buitenkleed met palmbladeren,2021-07-13 12:29:24,vanaf € 49.99
Bonprix,vloerkleed,Vloerkleed in patchworklook,2021-07-13 12:29:24,€ 19.99 vanaf € 9.99
Bonprix,vloerkleed,Vloerkleed met pastelkleuren,2021-07-13 12:29:24,vanaf € 24.99
Bonprix,vloerkleed,Binnen- en buitenkleed met bladeren,2021-07-13 12:29:24,vanaf € 22.99
Bonprix,vloerkleed,Binnen- en buitenkleed met sterren en boord,2021-07-13 12:29:25,vanaf € 19.99
Bonprix,vloerkleed,Binnen en buitenkleed met decente structuur,2021-07-13 12:29:25,€ 49.99 vanaf € 29.99
Bonprix,vloerkleed,Vloerkleed met structuur in pastelkleuren,2021-07-13 12:29:25,vanaf € 19.99
Bonprix,vloerkleed,Vloerkleed met strepen,2021-07-13 12:29:25,€ 24.99 vanaf € 17.99
Bonprix,vloerkleed,Kelim vloerkleed met franjes,2021-07-13 12:29:25,€ 74.99 vanaf € 27.99
Bonprix,vloerkleed,Trapmat,2021-07-13 12:29:25,€ 84.99 € 44.99
Bonprix,vloerkleed,Vloerkleed met grote ornamenten,2021-07-13 12:29:25,vanaf € 22.99
Bonprix,vloerkleed,Kelim vloerkleed met franjes,2021-07-13 12:29:25,vanaf € 24.99
Bonprix,vloerkleed,Binnen- en buitenkleed met veren,2021-07-13 12:29:25,vanaf € 24.99
Bonprix,vloerkleed,Wasbaar vloerkleed met ronde ornamenten,2021-07-13 12:29:25,vanaf € 19.99
Bonprix,vloerkleed,Rond binnen- en buitenkleed met boord,2021-07-13 12:29:25,vanaf € 49.99
Bonprix,sweatshirt,Sweatshirt,2021-07-13 12:29:44,€ 14.99
Bonprix,sweatshirt,"Sweater met biologisch katoen, lange mouw",2021-07-13 12:29:44,€ 16.99
Bonprix,sweatshirt,Hoodie met strepen,2021-07-13 12:29:44,€ 29.99
Bonprix,sweatshirt,"Oversized sweater met structuur in A-lijn, 3/4 mouw",2021-07-13 12:29:44,€ 22.99
Bonprix,sweatshirt,Hoodie met kangoeroezak,2021-07-13 12:29:44,€ 21.99
Bonprix,sweatshirt,Sweater,2021-07-13 12:29:44,€ 9.99
Bonprix,sweatshirt,Sweater,2021-07-13 12:29:44,€ 11.99
Bonprix,sweatshirt,Lange sweater en legging (2-dlg. set),2021-07-13 12:29:44,€ 39.99
Bonprix,sweatshirt,Sweatshirt,2021-07-13 12:29:44,€ 14.99
Bonprix,sweatshirt,Hoodie,2021-07-13 12:29:44,€ 15.99
Bonprix,sweatshirt,Sweater,2021-07-13 12:29:45,€ 19.99
Bonprix,sweatshirt,Sweater met ruches,2021-07-13 12:29:45,€ 24.99
Bonprix,sweatshirt,Oversized sweater met kant,2021-07-13 12:29:45,€ 29.99
Bonprix,sweatshirt,"Sweater van biologisch katoen, lange mouw",2021-07-13 12:29:45,€ 22.99 € 12.99
Bonprix,sweatshirt,"Sweater, licht materiaal",2021-07-13 12:29:45,€ 19.99
Bonprix,sweatshirt,Sweater met ritssluiting,2021-07-13 12:29:45,€ 10.99
Bonprix,sweatshirt,Sweater,2021-07-13 12:29:45,€ 24.99
Bonprix,sweatshirt,Lange sweater,2021-07-13 12:29:45,€ 31.99
Bonprix,sweatshirt,Sweater met sjaalkraag,2021-07-13 12:29:45,€ 29.99
Bonprix,sweatshirt,Sweater,2021-07-13 12:29:45,€ 19.99
Bonprix,sweatshirt,Sweater,2021-07-13 12:29:45,€ 24.99
Bonprix,sweatshirt,Lange sweater met print,2021-07-13 12:29:45,€ 18.99
Bonprix,sweatshirt,Sweater,2021-07-13 12:29:45,€ 32.99
Bonprix,sweatshirt,Sweater van biologisch katoen,2021-07-13 12:29:45,€ 4.99
Bonprix,sweatshirt,Sweater met omkeerbare pailletten,2021-07-13 12:29:45,€ 12.99
Bonprix,sweatshirt,"Sweater, 3/4 mouw",2021-07-13 12:29:45,€ 24.99
Bonprix,sweatshirt,Sweatvest met capuchon,2021-07-13 12:29:45,€ 15.99
Bonprix,sweatshirt,Basic hoodie,2021-07-13 12:29:45,€ 14.99
Bonprix,sweatshirt,Sweater,2021-07-13 12:29:45,€ 24.99
Bonprix,sweatshirt,Hoodie met pailletten,2021-07-13 12:29:45,€ 11.99
Bonprix,sweatshirt,Hoodie van biologisch katoen,2021-07-13 12:29:45,€ 17.99
Bonprix,sweatshirt,Sweater en legging (2-dlg. set),2021-07-13 12:29:45,€ 27.99
Bonprix,sweatshirt,Trui en rok (2-dlg. set),2021-07-13 12:29:46,€ 37.99
Bonprix,sweatshirt,Hoodie van biologisch katoen,2021-07-13 12:29:46,€ 12.99
Bonprix,sweatshirt,Sweatvest met capuchon,2021-07-13 12:29:46,€ 22.99
Bonprix,sweatshirt,Hoodie met Mickey Mouse print,2021-07-13 12:29:46,€ 27.99
Bonprix,sweatshirt,Hoodie van biologisch katoen,2021-07-13 12:29:46,€ 14.99
Bonprix,sweatshirt,Zwangerschapssweater / voedingssweater,2021-07-13 12:29:46,€ 29.99
Bonprix,sweatshirt,Hoodie in washed out look,2021-07-13 12:29:46,€ 24.99
Bonprix,sweatshirt,"Shirt, korte mouw",2021-07-13 12:29:46,€ 19.99
Bonprix,sweatshirt,Hoodie,2021-07-13 12:29:46,€ 13.99
Bonprix,sweatshirt,Hoodie,2021-07-13 12:29:46,€ 32.99
Bonprix,sweatshirt,Hoodie,2021-07-13 12:29:46,€ 11.99
Bonprix,sweatshirt,Hoodie met Mickey Mouse-print,2021-07-13 12:29:46,€ 28.99
Bonprix,sweatshirt,Hoodie,2021-07-13 12:29:46,€ 13.99
Bonprix,horloge,Heren chronograaf met edelstaal bandje,2021-07-13 12:30:08,€ 69.99
Bonprix,horloge,Horloge,2021-07-13 12:30:08,€ 24.99 € 15.99
Bonprix,horloge,Metalen horloge met kristallen,2021-07-13 12:30:08,€ 54.99 € 39.99
Bonprix,horloge,Horloge,2021-07-13 12:30:08,€ 18.99
Bonprix,horloge,Horloge,2021-07-13 12:30:08,€ 16.99
Bonprix,horloge,Horloge,2021-07-13 12:30:08,€ 18.99
Bonprix,horloge,Horloge,2021-07-13 12:30:08,€ 19.99
Bonprix,horloge,Horloge,2021-07-13 12:30:08,€ 16.99
Bonprix,horloge,Horloge,2021-07-13 12:30:09,€ 17.99
Bonprix,horloge,Horloge,2021-07-13 12:30:09,€ 17.99
Bonprix,horloge,Metalen horloge,2021-07-13 12:30:09,€ 12.99
Bonprix,horloge,Horloge,2021-07-13 12:30:09,€ 17.99
Bonprix,horloge,Horloge,2021-07-13 12:30:09,€ 17.99
Bonprix,horloge,Horloge,2021-07-13 12:30:09,€ 16.99
Bonprix,horloge,Horloge,2021-07-13 12:30:09,€ 17.99
Bonprix,horloge,Metalen horloge,2021-07-13 12:30:09,€ 24.99
Bonprix,horloge,Horloge,2021-07-13 12:30:09,€ 19.99
Bonprix,horloge,Horloge,2021-07-13 12:30:09,€ 18.99
Bonprix,horloge,Horloge,2021-07-13 12:30:09,€ 11.99
Bonprix,horloge,Horloge,2021-07-13 12:30:09,€ 17.99
Bonprix,horloge,Horloge,2021-07-13 12:30:09,€ 18.99
Bonprix,horloge,Horloge,2021-07-13 12:30:09,€ 18.99
Bonprix,horloge,Horloge,2021-07-13 12:30:09,€ 19.99
Bonprix,horloge,Horloge,2021-07-13 12:30:09,€ 18.99
Bonprix,horloge,Horloge,2021-07-13 12:30:09,€ 14.99
Bonprix,ladekast,Ladekast «Marokko»,2021-07-13 12:30:29,€ 219.99
Bonprix,ladekast,Ladekast,2021-07-13 12:30:29,€ 189.99
Bonprix,ladekast,Ladekast met 5 lades,2021-07-13 12:30:29,€ 119.99
Bonprix,ladekast,Ladekast met 3 lades,2021-07-13 12:30:29,€ 74.99
Bonprix,ladekast,Ladekast «Carolyn»,2021-07-13 12:30:29,€ 269.99
Bonprix,ladekast,Ladekast met vlinders,2021-07-13 12:30:29,€ 169.99
Bonprix,ladekast,Ladekast,2021-07-13 12:30:29,€ 99.99
Bonprix,ladekast,Ladekast,2021-07-13 12:30:30,€ 219.99
Bonprix,ladekast,Ladekast met 1 lade en 2 deuren,2021-07-13 12:30:30,€ 269.99 € 99.99
Bonprix,ladekast,Ladekast,2021-07-13 12:30:30,€ 169.99
Bonprix,ladekast,Ladekast,2021-07-13 12:30:30,€ 139.99
Bonprix,ladekast,Ladekast met 3 lades,2021-07-13 12:30:30,€ 199.99 € 139.99
Bonprix,ladekast,Ladekast met 2 glazen deuren,2021-07-13 12:30:30,€ 299.99 € 159.99
Bonprix,ladekast,Ladekast «Aiden» (4 lades),2021-07-13 12:30:30,€ 99.99
Bonprix,ladekast,Ladekast met 5 lades,2021-07-13 12:30:30,€ 129.99
Bonprix,ladekast,Ladekast,2021-07-13 12:30:30,€ 199.99
Bonprix,ladekast,Kast met 2 deuren,2021-07-13 12:30:30,€ 169.99
Bonprix,ladekast,Kast met 2 deuren,2021-07-13 12:30:30,€ 189.99
Bonprix,ladekast,Kast,2021-07-13 12:30:30,€ 219.99
Bonprix,ladekast,Bijzetafel (2-dlg. set),2021-07-13 12:30:30,€ 169.99
Bonprix,ladekast,Dressoir met 2 schuifdeuren,2021-07-13 12:30:30,€ 219.99 € 129.99
Bonprix,ladekast,Bijzettafel vat met wijnrek,2021-07-13 12:30:30,€ 289.99
Bonprix,ladekast,Haardombouw met opbergruimte,2021-07-13 12:30:30,€ 219.99
Bonprix,ladekast,Sidetable,2021-07-13 12:30:30,€ 219.99
Bonprix,ladekast,Haardombouw «Skive»,2021-07-13 12:30:30,€ 169.99
Bonprix,ladekast,Dressoir met schuifdeuren,2021-07-13 12:30:30,€ 399.99 € 219.99
Bonprix,ladekast,Tv-kast,2021-07-13 12:30:30,€ 219.99
Bonprix,ladekast,Naaimachinetafel met trendy design,2021-07-13 12:30:30,€ 169.99
Bonprix,ladekast,Dressoir,2021-07-13 12:30:30,€ 299.99
Bonprix,ladekast,Kast,2021-07-13 12:30:31,€ 169.99
Bonprix,ladekast,Dressoir,2021-07-13 12:30:31,€ 219.99
Bonprix,ladekast,Nachtkastje «Roma»,2021-07-13 12:30:31,€ 74.99
Bonprix,ladekast,Kast met 2 lades en 2 deuren,2021-07-13 12:30:31,€ 219.99 € 119.99
Bonprix,ladekast,Kast met 2 deuren,2021-07-13 12:30:31,€ 299.99
Bonprix,ladekast,Kast met 5 lades,2021-07-13 12:30:31,€ 269.99
Bonprix,ladekast,Haardombouw,2021-07-13 12:30:31,€ 189.99
Bonprix,overhemd,Overhemd met korte mouwen,2021-07-13 12:30:54,€ 11.99
Bonprix,overhemd,Overhemd met korte mouwen en print,2021-07-13 12:30:54,€ 12.99 € 8.99
Bonprix,overhemd,Overhemd met korte mouwen,2021-07-13 12:30:54,€ 15.99
Bonprix,overhemd,"Slim fit spijkeroverhemd, lange mouw",2021-07-13 12:30:54,€ 15.99
Bonprix,overhemd,"Spijkeroverhemd, korte mouw",2021-07-13 12:30:54,€ 22.99
Bonprix,overhemd,Seersucker overhemd met korte mouwen,2021-07-13 12:30:54,€ 19.99
Bonprix,overhemd,Overhemd met lange mouwen,2021-07-13 12:30:54,€ 23.99
Bonprix,overhemd,"Spijkeroverhemd, slim fit, korte mouw",2021-07-13 12:30:54,€ 19.99
Bonprix,overhemd,Strijkvrij overhemd (set van 2),2021-07-13 12:30:54,"stuksprijs:
€ 17.99 € 14.99"
Bonprix,overhemd,"Overhemd met korte mouwen, slim fit",2021-07-13 12:30:54,€ 12.99
Bonprix,overhemd,Overhemd met korte mouwen en linnen,2021-07-13 12:30:54,€ 22.99
Bonprix,overhemd,Overhemd met korte mouwen,2021-07-13 12:30:54,€ 15.99
Bonprix,overhemd,Overhemd met korte mouwen,2021-07-13 12:30:54,€ 17.99
Bonprix,overhemd,Overhemd met korte mouwen en print,2021-07-13 12:30:54,€ 27.99
Bonprix,overhemd,"Stretch overhemd, slim fit",2021-07-13 12:30:54,€ 22.99
Bonprix,overhemd,Overhemd met lange mouwen van linnen TENCEL ™,2021-07-13 12:30:54,€ 29.99 € 19.99
Bonprix,overhemd,Overhemd met korte mouwen,2021-07-13 12:30:54,€ 23.99
Bonprix,overhemd,Overhemd met opgestikte borstzakken en korte mouwen,2021-07-13 12:30:55,€ 23.99
Bonprix,overhemd,Overhemd met korte mouwen,2021-07-13 12:30:55,€ 16.99
Bonprix,overhemd,Overhemd met opstaande kraag,2021-07-13 12:30:55,€ 22.99 € 12.99
Bonprix,overhemd,Duurzaam overhemd met korte mouwen,2021-07-13 12:30:55,€ 25.99 € 19.99
Bonprix,overhemd,Linnen overhemd met korte mouwen,2021-07-13 12:30:55,€ 29.99
Bonprix,overhemd,Overhemd met korte mouwen en print,2021-07-13 12:30:55,€ 19.99
Bonprix,overhemd,Overhemd met korte mouwen,2021-07-13 12:30:55,€ 12.99
Bonprix,overhemd,"Overhemd met lange mouwen, slim fit",2021-07-13 12:30:55,€ 11.99 € 9.99
Bonprix,overhemd,Overhemd met patroon,2021-07-13 12:30:55,€ 12.99
Bonprix,overhemd,"Overhemd met linnen, lange mouw",2021-07-13 12:30:55,€ 36.99
Bonprix,overhemd,"Spijkeroverhemd met USA vlag, korte mouw",2021-07-13 12:30:55,€ 23.99 € 17.99
Bonprix,overhemd,Overhemd met korte mouwen,2021-07-13 12:30:55,€ 15.99
Bonprix,overhemd,"Overhemd met korte mouwen en linnen, slim fit",2021-07-13 12:30:55,€ 17.99
Bonprix,overhemd,"Overhemd met korte mouwen, slim fit",2021-07-13 12:30:55,€ 18.99
Bonprix,overhemd,"Overhemd met korte mouwen en camouflage details, slim fit",2021-07-13 12:30:55,€ 16.99
Bonprix,overhemd,Spijkeroverhemd met korte mouwen,2021-07-13 12:30:55,€ 16.99
Bonprix,overhemd,Overhemd van zomers materiaal,2021-07-13 12:30:55,€ 19.99
Bonprix,overhemd,Business overhemd met visgraatpatroon,2021-07-13 12:30:55,€ 19.99
Bonprix,overhemd,Tiroler overhemd,2021-07-13 12:30:55,€ 29.99
Bonprix,overhemd,"Overhemd met korte mouwen, slim fit",2021-07-13 12:30:55,€ 22.99
Bonprix,overhemd,Gestreept overhemd met korte mouwen,2021-07-13 12:30:55,€ 19.99
Bonprix,overhemd,"Overhemd met lange mouwen, opstaande kraag en linnen, slim fit",2021-07-13 12:30:56,€ 24.99
Bonprix,overhemd,"Overhemd met korte mouwen, slim fit",2021-07-13 12:30:56,€ 15.99
Bonprix,overhemd,Overhemd met korte mouwen en opstaande kraag,2021-07-13 12:30:56,€ 25.99
Bonprix,overhemd,Tiroler overhemd,2021-07-13 12:30:56,€ 29.99
Bonprix,overhemd,Overshirt met ritssluiting,2021-07-13 12:30:56,€ 28.99
Bonprix,overhemd,Geruit overhemd met korte mouwen,2021-07-13 12:30:56,€ 23.99
Bonprix,overhemd,"Linnen overhemd met lange, oprolbare mouwen",2021-07-13 12:30:56,€ 19.99
Bonprix,overhemd,Overhemd met epauletten,2021-07-13 12:30:56,€ 22.99 € 17.99
Bonprix,overhemd,Overhemd met korte mouwen en gebreide kraag,2021-07-13 12:30:56,€ 23.99
Bonprix,overhemd,Overhemd met korte mouwen,2021-07-13 12:30:56,€ 17.99
Bonprix,overhemd,Overhemd met korte mouwen,2021-07-13 12:30:56,€ 27.99
Bonprix,overhemd,"Spijkeroverhemd met korte mouwen, slim fit",2021-07-13 12:30:56,€ 25.99 € 19.99
Bonprix,overhemd,"Spijkeroverhemd met korte mouwen en opstaande kraag, slim fit",2021-07-13 12:30:56,€ 19.99
Bonprix,overhemd,Linnenmix overhemd met korte mouwen,2021-07-13 12:30:56,€ 24.99
Bonprix,overhemd,Geruit overhemd met korte mouwen,2021-07-13 12:30:56,€ 26.99
Bonprix,overhemd,"Stretch overhemd met korte mouwen, slim fit",2021-07-13 12:30:56,€ 18.99
Bonprix,overhemd,Overhemd met lange mouwen,2021-07-13 12:30:56,€ 15.99
Bonprix,overhemd,"Spijkeroverhemd met korte mouwen, slim fit",2021-07-13 12:30:56,€ 22.99
Bonprix,overhemd,Linnenmix overhemd met korte mouwen,2021-07-13 12:30:56,€ 22.99
Bonprix,overhemd,"Overhemd met korte mouwen, slim fit",2021-07-13 12:30:56,€ 19.99
Bonprix,overhemd,Business overhemd met dubbele kraag,2021-07-13 12:30:56,€ 11.99 € 8.99
Bonprix,overhemd,Spijkeroverhemd,2021-07-13 12:30:56,€ 19.99
Bonprix,overhemd,Overhemd,2021-07-13 12:30:56,€ 19.99
Bonprix,overhemd,Overhemd met korte mouwen,2021-07-13 12:30:56,€ 14.99 € 12.99
Bonprix,overhemd,"Overhemd met korte mouwen, slim fit",2021-07-13 12:30:57,€ 22.99
Bonprix,overhemd,Overhemd met korte mouwen,2021-07-13 12:30:57,€ 12.99
Bonprix,overhemd,Overhemd met korte mouwen,2021-07-13 12:30:57,€ 17.99
Bonprix,overhemd,Overhemd met korte mouwen,2021-07-13 12:30:57,€ 25.99
Bonprix,overhemd,Overhemd met comfort belly fit,2021-07-13 12:30:57,€ 15.99
Bonprix,overhemd,Overhemd met korte mouwen,2021-07-13 12:30:57,€ 14.99
Bonprix,overhemd,Overhemd met korte mouwen,2021-07-13 12:30:57,€ 24.99
Bonprix,overhemd,Overhemd met korte mouwen,2021-07-13 12:30:57,€ 14.99
Bonprix,overhemd,Overhemd met korte mouwen,2021-07-13 12:30:57,€ 19.99
Bonprix,overhemd,Hawaïhemd met korte mouwen,2021-07-13 12:30:57,€ 17.99
Bonprix,overhemd,"Stretch overhemd met lichte glans, slim fit",2021-07-13 12:30:57,€ 19.99 € 10.99
Bonprix,overhemd,Spijkeroverhemd met geruite details,2021-07-13 12:30:57,€ 19.99
Bonprix,overhemd,Overhemd met comfort belly fit,2021-07-13 12:30:57,€ 19.99
Bonprix,overhemd,Overhemd met korte mouwen en linnen,2021-07-13 12:30:57,€ 27.99
Bonprix,overhemd,"Overhemd van linnenmix, korte mouw",2021-07-13 12:30:57,€ 29.99
Bonprix,jurk,Wikkeljurk,2021-07-13 12:31:18,€ 27.99
Bonprix,jurk,Gedessineerde jurk met smokwerk,2021-07-13 12:31:18,€ 37.99
Bonprix,jurk,Zomerjurk,2021-07-13 12:31:18,€ 28.99
Bonprix,jurk,Maxi jurk,2021-07-13 12:31:18,€ 39.99
Bonprix,jurk,"Shirtjurk, korte mouw",2021-07-13 12:31:18,€ 9.99
Bonprix,jurk,Carmen jurk,2021-07-13 12:31:18,€ 39.99
Bonprix,jurk,Jersey jurk (set van 2),2021-07-13 12:31:18,"stuksprijs:
€ 8.49"
Bonprix,jurk,Halterjurk,2021-07-13 12:31:18,€ 29.99
Bonprix,jurk,Jersey jurk met duurzame viscose,2021-07-13 12:31:19,€ 21.99
Bonprix,jurk,Jersey jurk,2021-07-13 12:31:19,€ 37.99
Bonprix,jurk,Jersey jurk van LENZING™ ECOVERO™,2021-07-13 12:31:19,€ 24.99
Bonprix,jurk,Halterjurk,2021-07-13 12:31:19,€ 28.99
Bonprix,jurk,Jurk (set van 2),2021-07-13 12:31:19,"stuksprijs:
€ 6.99"
Bonprix,jurk,One shoulder jurk,2021-07-13 12:31:19,€ 39.99
Bonprix,jurk,Shirtjurk,2021-07-13 12:31:19,€ 3.99
Bonprix,jurk,Gedessineerde midi jurk met kant,2021-07-13 12:31:19,€ 39.99
Bonprix,jurk,"Jurk, korte mouw",2021-07-13 12:31:19,€ 29.99
Bonprix,jurk,Maxi jurk,2021-07-13 12:31:19,€ 39.99
Bonprix,jurk,Jersey jurk,2021-07-13 12:31:19,€ 15.99
Bonprix,jurk,Halterjurk,2021-07-13 12:31:19,€ 39.99
Bonprix,jurk,Jurk,2021-07-13 12:31:19,€ 18.99
Bonprix,jurk,Maxi jurk,2021-07-13 12:31:19,€ 37.99
Bonprix,jurk,Maxi zomerjurk met kant,2021-07-13 12:31:19,€ 49.99
Bonprix,jurk,Maxi jurk,2021-07-13 12:31:19,€ 39.99
Bonprix,jurk,Spijkerjurk,2021-07-13 12:31:20,€ 34.99
Bonprix,jurk,Maxi jurk,2021-07-13 12:31:20,€ 39.99
Bonprix,jurk,Jersey jurk met carmenhals,2021-07-13 12:31:20,€ 14.99
Bonprix,jurk,Halterjurk met volant,2021-07-13 12:31:20,€ 39.99
Bonprix,jurk,"Oversized jurk van katoen, halflange mouw",2021-07-13 12:31:20,€ 26.99
Bonprix,jurk,Maxi jurk,2021-07-13 12:31:20,€ 34.99
Bonprix,jurk,Jersey zomerjurk met verstelbare bandjes,2021-07-13 12:31:20,€ 11.99
Bonprix,jurk,Jurk,2021-07-13 12:31:20,€ 28.99
Bonprix,jurk,"Shirtjurk in layerlook, mouwloos",2021-07-13 12:31:20,€ 9.99 € 7.99
Bonprix,jurk,Midi jurk met asymmetrische onderrand,2021-07-13 12:31:20,€ 34.99
Bonprix,jurk,Jurk,2021-07-13 12:31:20,€ 15.99
Bonprix,jurk,Jurk,2021-07-13 12:31:20,€ 37.99
Bonprix,jurk,Viscose midi jurk met volantmouwen,2021-07-13 12:31:20,€ 29.99
Bonprix,jurk,Maxi jurk,2021-07-13 12:31:21,€ 39.99
Bonprix,jurk,Jersey jurk met vetersluiting,2021-07-13 12:31:21,€ 23.99
Bonprix,jurk,Maxi jurk,2021-07-13 12:31:21,€ 39.99
Bonprix,jurk,Maxi jurk,2021-07-13 12:31:21,€ 34.99
Bonprix,jurk,Jurk met bloemen,2021-07-13 12:31:21,€ 28.99
Bonprix,jurk,Gedessineerde shirtjurk,2021-07-13 12:31:21,€ 14.99
Bonprix,jurk,Jurk,2021-07-13 12:31:21,€ 34.99
Bonprix,jurk,Maxi jurk,2021-07-13 12:31:21,€ 17.99
Bonprix,jurk,Maxi jurk met duurzame viscose,2021-07-13 12:31:21,€ 39.99
Bonprix,jurk,Shirtjurk in denim look,2021-07-13 12:31:21,€ 21.99
Bonprix,jurk,Halterjurk,2021-07-13 12:31:21,€ 39.99
Bonprix,jurk,Linnen jurk,2021-07-13 12:31:21,€ 31.99
Bonprix,jurk,Midi jurk met plissé,2021-07-13 12:31:21,€ 39.99
Bonprix,jurk,"Jersey jurk met print, korte mouw",2021-07-13 12:31:21,€ 19.99
Bonprix,jurk,Maxi jurk,2021-07-13 12:31:21,€ 39.99
Bonprix,jurk,Gebloemde midi jurk,2021-07-13 12:31:21,€ 12.99 € 9.99
Bonprix,jurk,Maxi jurk met duurzame viscose,2021-07-13 12:31:21,€ 39.99
Bonprix,jurk,Jersey jurk,2021-07-13 12:31:21,€ 23.99
Bonprix,jurk,Carmen jurk,2021-07-13 12:31:21,€ 39.99
Bonprix,jurk,Jersey jurk,2021-07-13 12:31:21,€ 17.99
Bonprix,jurk,Halterjurk,2021-07-13 12:31:21,€ 39.99
Bonprix,jurk,Wikkeljurk,2021-07-13 12:31:21,€ 22.99 € 15.99
Bonprix,jurk,Kokerjurk,2021-07-13 12:31:22,€ 37.99
Bonprix,jurk,Zomerjurk,2021-07-13 12:31:22,€ 35.99
Bonprix,jurk,Maxi jurk met glittereffect,2021-07-13 12:31:22,€ 32.99
Bonprix,jurk,Jersey maxi jurk met LENZING™ ECOVERO™,2021-07-13 12:31:22,€ 28.99
Bonprix,jurk,Jurk,2021-07-13 12:31:22,€ 29.99
Bonprix,jurk,Jurk van duurzame viscose,2021-07-13 12:31:22,€ 27.99
Bonprix,jurk,Carmen jurk,2021-07-13 12:31:22,€ 39.99
Bonprix,jurk,Gedessineerde jurk,2021-07-13 12:31:22,€ 28.99
Bonprix,jurk,Jersey jurk met tunnelkoordje,2021-07-13 12:31:22,€ 15.99
Bonprix,jurk,Tuniekjurk van TENCEL™ lyocell,2021-07-13 12:31:22,€ 27.99
Bonprix,jurk,Gedessineerde jersey jurk,2021-07-13 12:31:22,€ 24.99
Bonprix,jurk,Jurk,2021-07-13 12:31:22,€ 26.99
Bonprix,jurk,Jurk met kant,2021-07-13 12:31:22,€ 41.99
Bonprix,jurk,"Stretch midi jurk met ronde hals, korte mouw",2021-07-13 12:31:22,€ 35.99
Bonprix,jurk,Shirtjurk,2021-07-13 12:31:22,€ 15.99
Bonprix,jurk,Jurk,2021-07-13 12:31:22,€ 26.99
Bonprix,jurk,Kokerjurk,2021-07-13 12:31:22,€ 37.99
Bonprix,jurk,Shirtjurk,2021-07-13 12:31:22,€ 21.99
Bonprix,jurk,Premium galajurk met kant,2021-07-13 12:31:22,€ 73.99
Bonprix,jurk,Shirtjurk,2021-07-13 12:31:22,€ 15.99
Bonprix,jurk,Maxi jurk,2021-07-13 12:31:23,€ 47.99 € 42.99
Bonprix,jurk,"Shirtjurk met bloemenprint, korte mouw",2021-07-13 12:31:23,€ 13.99
Bonprix,jurk,Gedessineerde jurk van jersey,2021-07-13 12:31:23,€ 15.99
Bonprix,jurk,Jersey maxi jurk,2021-07-13 12:31:23,€ 27.99
Bonprix,jurk,Midi jurk,2021-07-13 12:31:23,€ 28.99 € 19.99
Bonprix,jurk,Katoenen jurk met knoopsluiting,2021-07-13 12:31:23,€ 19.99
Bonprix,jurk,Jurk van duurzame viscose,2021-07-13 12:31:23,€ 37.99
Bonprix,jurk,Gebreide jurk met stippen,2021-07-13 12:31:23,€ 49.99 € 38.99
Bonprix,jurk,Linnen midi jurk met knoopsluiting,2021-07-13 12:31:23,vanaf € 27.99
Bonprix,sneakers,Sneakers,2021-07-13 12:31:44,€ 19.99
Bonprix,sneakers,Sneakers,2021-07-13 12:31:44,€ 19.99
Bonprix,sneakers,Sneakers,2021-07-13 12:31:44,€ 22.99
Bonprix,sneakers,Plateau sneakers,2021-07-13 12:31:44,€ 21.99
Bonprix,sneakers,Sneakers van leer,2021-07-13 12:31:44,€ 24.99
Bonprix,sneakers,Sneakers,2021-07-13 12:31:44,€ 18.99
Bonprix,sneakers,Sneakers van Skechers met memory foam,2021-07-13 12:31:44,€ 54.99
Bonprix,sneakers,Sneakers van Mustang,2021-07-13 12:31:44,€ 48.99
Bonprix,sneakers,Vrijetijdsschoenen,2021-07-13 12:31:44,€ 14.99
Bonprix,sneakers,Sneakers,2021-07-13 12:31:45,€ 19.99
Bonprix,sneakers,Sneakers,2021-07-13 12:31:45,€ 27.99
Bonprix,sneakers,Sneakers van Mustang,2021-07-13 12:31:45,€ 49.99 € 37.99
Bonprix,sneakers,Sneakers,2021-07-13 12:31:45,€ 32.99
Bonprix,sneakers,Sneakers,2021-07-13 12:31:45,€ 15.99
Bonprix,sneakers,Sneakers,2021-07-13 12:31:45,€ 25.99
Bonprix,sneakers,Sneakers van Mustang,2021-07-13 12:31:45,€ 59.99
Bonprix,sneakers,Sneakers van Kappa,2021-07-13 12:31:45,€ 37.99
Bonprix,sneakers,Sneakers,2021-07-13 12:31:45,€ 29.99
Bonprix,sneakers,Sneakers van Mustang,2021-07-13 12:31:45,€ 48.99
Bonprix,sneakers,Leren sneakers,2021-07-13 12:31:45,€ 39.99
Bonprix,sneakers,Sneakers van Mustang,2021-07-13 12:31:45,€ 49.99
Bonprix,sneakers,Sneakers,2021-07-13 12:31:45,€ 25.99
Bonprix,sneakers,Sneakers van Mustang,2021-07-13 12:31:45,€ 49.99
Bonprix,sneakers,Sneakers,2021-07-13 12:31:45,€ 28.99
Bonprix,sneakers,Sneakers,2021-07-13 12:31:45,€ 18.99
Bonprix,sneakers,Sneakers,2021-07-13 12:31:45,€ 18.99
Bonprix,sneakers,Sneakers,2021-07-13 12:31:45,€ 49.99
Bonprix,sneakers,Hoge plateau sneakers,2021-07-13 12:31:45,€ 34.99
Bonprix,sneakers,Sneakers van Kappa,2021-07-13 12:31:45,€ 39.99
Bonprix,sneakers,Sneakers,2021-07-13 12:31:45,€ 49.99
Bonprix,sneakers,Sneakers,2021-07-13 12:31:45,€ 28.99
Bonprix,sneakers,Sneakers met Youfoam,2021-07-13 12:31:46,€ 28.99
Bonprix,sneakers,Sneakers,2021-07-13 12:31:46,€ 25.99
Bonprix,sneakers,Sneakers met Youfoam,2021-07-13 12:31:46,€ 27.99
Bonprix,sneakers,Sneakers,2021-07-13 12:31:46,€ 24.99
Bonprix,sneakers,Sneakers van s.Oliver,2021-07-13 12:31:46,€ 49.99
Bonprix,sneakers,Sneakers,2021-07-13 12:31:46,€ 27.99
Bonprix,sneakers,Sneakers van Rieker,2021-07-13 12:31:46,€ 52.99
Bonprix,sneakers,Sneakers,2021-07-13 12:31:46,€ 25.99
Bonprix,sneakers,Sneakers van Kappa,2021-07-13 12:31:46,€ 59.99
Bonprix,sneakers,Sneakers,2021-07-13 12:31:46,€ 32.99
Bonprix,sneakers,Sneakers,2021-07-13 12:31:46,€ 25.99
Bonprix,sneakers,Sneakers,2021-07-13 12:31:46,€ 25.99
Bonprix,sneakers,Sneakers,2021-07-13 12:31:46,€ 29.99
Bonprix,sneakers,Sneakers,2021-07-13 12:31:46,€ 29.99
Bonprix,sneakers,Gympen,2021-07-13 12:31:46,€ 18.99
Bonprix,sneakers,Plateau sneakers van Rieker,2021-07-13 12:31:46,€ 64.99
Bonprix,sneakers,Plateau sneakers,2021-07-13 12:31:46,€ 24.99
Bonprix,sneakers,Sneakers,2021-07-13 12:31:46,€ 25.99
Bonprix,sneakers,Sneakers,2021-07-13 12:31:46,€ 28.99
Bonprix,sneakers,Sneakers van Mustang,2021-07-13 12:31:46,€ 49.99
Bonprix,sneakers,Sneakers van Kappa,2021-07-13 12:31:46,€ 37.99
Bonprix,sneakers,Sneakers van Mustang,2021-07-13 12:31:47,€ 59.99 € 49.99
Bonprix,sneakers,Sneakers van Rieker,2021-07-13 12:31:47,€ 64.99
Bonprix,sneakers,Sneakers,2021-07-13 12:31:47,€ 14.99
Bonprix,sneakers,Sneakers,2021-07-13 12:31:47,€ 13.99
Bonprix,sneakers,Sneakers,2021-07-13 12:31:47,€ 13.99
Bonprix,sneakers,Plateau sneakers,2021-07-13 12:31:47,€ 24.99
Bonprix,sneakers,Comfortabele sneakers,2021-07-13 12:31:47,€ 54.99
Bonprix,sneakers,Sneakers,2021-07-13 12:31:47,€ 49.99
Bonprix,sneakers,Sneakers,2021-07-13 12:31:47,€ 24.99
Bonprix,sneakers,Leren sneakers,2021-07-13 12:31:47,€ 38.99
Bonprix,sneakers,Sneakers,2021-07-13 12:31:47,€ 25.99
Bonprix,sneakers,Mickey Mouse sneakers,2021-07-13 12:31:47,€ 39.99
Bonprix,sneakers,Sneakers,2021-07-13 12:31:47,€ 24.99
Bonprix,sneakers,Sneakers,2021-07-13 12:31:47,€ 19.99
Bonprix,sneakers,Plateau sneakers,2021-07-13 12:31:47,€ 35.99
Bonprix,sneakers,Sneakers van Rieker,2021-07-13 12:31:47,€ 55.99
Bonprix,sneakers,Sneakers van Kappa,2021-07-13 12:31:47,€ 37.99
Bonprix,sneakers,Sneakers van Kappa,2021-07-13 12:31:47,€ 39.99
Bonprix,sneakers,Leren sneakers van Skechers,2021-07-13 12:31:47,€ 69.99
Bonprix,sneakers,Sneakers,2021-07-13 12:31:47,€ 24.99
Bonprix,sneakers,Sneakers,2021-07-13 12:31:47,€ 34.99
Bonprix,sneakers,Sneakers van s.Oliver,2021-07-13 12:31:47,€ 49.99
Bonprix,sneakers,Plateau sneakers van s.Oliver,2021-07-13 12:31:47,€ 69.99
Bonprix,sneakers,Sneakers van s.Oliver,2021-07-13 12:31:47,€ 59.99
Bonprix,sneakers,Sneakers,2021-07-13 12:31:48,€ 49.99
Bonprix,sneakers,Sneakers,2021-07-13 12:31:48,€ 79.99
Bonprix,sneakers,Sneakers van Mustang,2021-07-13 12:31:48,€ 49.99
Bonprix,sneakers,Sneakers,2021-07-13 12:31:48,€ 16.99
Bonprix,sneakers,Sneakers van Skechers met memory foam,2021-07-13 12:31:48,€ 49.99
Bonprix,sneakers,Hoge sneakers,2021-07-13 12:31:48,€ 19.99
Bonprix,sneakers,Hoge sneakers van Mustang,2021-07-13 12:31:48,€ 59.99
Bonprix,sneakers,Sneakers,2021-07-13 12:31:48,€ 15.99
Bonprix,sneakers,Sneakers,2021-07-13 12:31:48,€ 25.99
Bonprix,sneakers,Sneakers,2021-07-13 12:31:48,€ 16.99 € 11.99
Bonprix,sneakers,Hoge sneakers,2021-07-13 12:31:48,€ 22.99
Bonprix,sneakers,Sneakers,2021-07-13 12:31:48,€ 29.99
Bonprix,sneakers,Sneakers van Skechers,2021-07-13 12:31:48,€ 54.99
Bonprix,sneakers,Hoge sneakers,2021-07-13 12:31:48,€ 24.99
Bonprix,sneakers,Leren sneakers van Skechers,2021-07-13 12:31:48,€ 89.99
Bonprix,sneakers,Sneakers van Kappa,2021-07-13 12:31:48,€ 32.99
Bonprix,sneakers,Hoge plateau sneakers,2021-07-13 12:31:48,€ 29.99
Bonprix,sneakers,Sneakers van Skechers met memory foam,2021-07-13 12:31:48,€ 59.99
Bonprix,sneakers,Sneakers,2021-07-13 12:31:48,€ 29.99 € 23.99
Bonprix,sneakers,Sneakers,2021-07-13 12:31:48,€ 15.99
Bonprix,sneakers,Sneakers,2021-07-13 12:31:48,€ 29.99
Bonprix,sneakers,Sneakers van Marco Tozzi,2021-07-13 12:31:48,€ 49.99
Bonprix,sneakers,Comfortabele sneakers,2021-07-13 12:31:48,€ 34.99
Bonprix,sneakers,Hoge sneakers,2021-07-13 12:31:49,€ 21.99
Bonprix,kussen,Microvezel kussen,2021-07-13 12:32:13,vanaf € 19.99
Bonprix,kussen,Microvezel kussen,2021-07-13 12:32:13,vanaf € 9.99
Bonprix,kussen,Microvezel kussen met sterrenprint,2021-07-13 12:32:13,€ 14.99
Bonprix,kussen,Anti-allergie kussen,2021-07-13 12:32:13,vanaf € 12.99
Bonprix,kussen,Zacht microvezel kussen,2021-07-13 12:32:13,vanaf € 14.99
Bonprix,kussen,Anti-allergie kussen,2021-07-13 12:32:13,vanaf € 19.99
Bonprix,kussen,"Hoofdkussen met donzen touch, zacht",2021-07-13 12:32:13,vanaf € 18.99
Bonprix,kussen,Dekbedovertrek met strepen,2021-07-13 12:32:13,vanaf € 39.99
Bonprix,colbert,2-delig pak: colbert en broek,2021-07-13 12:32:33,€ 69.99
Bonprix,colbert,"Colbert, broek, gilet en das (4-dlg. set)",2021-07-13 12:32:33,€ 113.99
Bonprix,colbert,"5-delig pak: colbert, broek, gilet, stropdas, pochet",2021-07-13 12:32:33,€ 89.99
Bonprix,colbert,Gestreept colbert van linnen,2021-07-13 12:32:33,€ 61.99
Bonprix,colbert,Jersey colbert,2021-07-13 12:32:33,€ 32.99 € 22.99
Bonprix,colbert,Tiroler colbert,2021-07-13 12:32:33,€ 61.99
Bonprix,colbert,Sportieve colbert,2021-07-13 12:32:33,€ 22.99 € 19.99
Bonprix,colbert,Mix & match colbert,2021-07-13 12:32:33,€ 22.99 € 19.99
Bonprix,colbert,Colbert,2021-07-13 12:32:33,€ 38.99 € 25.99
Bonprix,colbert,"3-delig pak: colbert, broek, das slim fit",2021-07-13 12:32:33,€ 99.99
Bonprix,colbert,Gilet en vlinderstrik (2-dlg. set),2021-07-13 12:32:33,€ 18.99 € 12.99
Bonprix,colbert,"4-delig pak: colbert, broek, overhemd, stropdas",2021-07-13 12:32:33,€ 59.99 € 38.99
Bonprix,colbert,Gilet en stropdas (2-dlg. set),2021-07-13 12:32:33,€ 16.99 € 9.99
Bonprix,colbert,Gebreide colbert,2021-07-13 12:32:33,€ 34.99
Bonprix,colbert,Imitatiesuède jas,2021-07-13 12:32:34,€ 36.99 € 29.99
Bonprix,colbert,"4-delig pak: colbert, gilet, 2 broeken",2021-07-13 12:32:34,€ 58.99
Bonprix,bank,Bank,2021-07-13 12:33:00,€ 99.99
Bonprix,bank,Bank,2021-07-13 12:33:00,€ 119.99
Bonprix,bank,Opbergbank,2021-07-13 12:33:00,€ 169.99
Bonprix,bank,Bank,2021-07-13 12:33:00,€ 94.99
Bonprix,bank,Kapstok met bank,2021-07-13 12:33:00,€ 219.99
Bonprix,bank,Bank,2021-07-13 12:33:00,€ 129.99
Bonprix,bank,Bank,2021-07-13 12:33:00,€ 119.99
Bonprix,bank,Bank,2021-07-13 12:33:00,€ 219.99
Bonprix,bank,Bank «Elias»,2021-07-13 12:33:00,€ 179.99
Bonprix,bank,Bank met zitkussen,2021-07-13 12:33:00,€ 159.99
Bonprix,badjas,Kimono badjas van shirtstof van biologisch katoen,2021-07-13 12:33:23,€ 24.99
Bonprix,badjas,Satijnen kimono,2021-07-13 12:33:23,€ 21.99
Bonprix,badjas,Badjas van shirtstof,2021-07-13 12:33:23,€ 22.99
Bonprix,badjas,Badjas van shirtstof,2021-07-13 12:33:23,€ 19.99
Bonprix,badjas,Frotté badjas van biologisch katoen,2021-07-13 12:33:23,€ 25.99
Bonprix,badjas,Badjas van shirtstof,2021-07-13 12:33:23,€ 15.99
Bonprix,badjas,Fleece badjas,2021-07-13 12:33:23,€ 24.99
Bonprix,badjas,Frotté badjas,2021-07-13 12:33:23,€ 24.99
Bonprix,badjas,Kimono,2021-07-13 12:33:23,€ 22.99
Bonprix,badjas,Satijnen kimono,2021-07-13 12:33:23,€ 27.99
Bonprix,badjas,Kimono,2021-07-13 12:33:24,€ 35.99
Bonprix,badpak,Corrigerend badpak level 1,2021-07-13 12:33:42,€ 23.99
Bonprix,badpak,Badpak,2021-07-13 12:33:42,€ 18.99
Bonprix,badpak,Corrigerend badpak level 1,2021-07-13 12:33:42,€ 23.99
Bonprix,badpak,Corrigerend badpak,2021-07-13 12:33:42,€ 39.99
Bonprix,badpak,Badpak,2021-07-13 12:33:42,€ 22.99
Bonprix,badpak,Badpak,2021-07-13 12:33:42,€ 21.99 € 17.99
Bonprix,badpak,Badpak met pijpjes,2021-07-13 12:33:42,€ 26.99
Bonprix,badpak,Corrigerend badpak level 1,2021-07-13 12:33:42,€ 26.99
Bonprix,badpak,Corrigerend badpak level 3,2021-07-13 12:33:42,€ 48.99
Bonprix,badpak,Corrigerend badpak,2021-07-13 12:33:42,€ 31.99
Bonprix,badpak,Corrigerend badpak level 3,2021-07-13 12:33:42,€ 31.99
Bonprix,badpak,Corrigerend badpak,2021-07-13 12:33:42,€ 27.99
Bonprix,badpak,Corrigerend badpak level 1,2021-07-13 12:33:42,€ 31.99
Bonprix,badpak,Corrigerend badpak,2021-07-13 12:33:42,€ 26.99
Bonprix,badpak,Corrigerend badpak level 1,2021-07-13 12:33:42,€ 31.99
Bonprix,badpak,Corrigerend badpak level 3,2021-07-13 12:33:42,€ 27.99
Bonprix,badpak,Duurzaam badpak,2021-07-13 12:33:42,€ 28.99
Bonprix,badpak,Corrigerend badpak level 1,2021-07-13 12:33:42,€ 28.99
Bonprix,badpak,Badpak,2021-07-13 12:33:42,€ 18.99
Bonprix,badpak,Corrigerend badpak level 1 duurzaam,2021-07-13 12:33:43,€ 19.99
Bonprix,badpak,Corrigerend badpak level 1,2021-07-13 12:33:43,€ 22.99
Bonprix,badpak,Badpak,2021-07-13 12:33:43,€ 39.99
Bonprix,badpak,Badpak,2021-07-13 12:33:43,€ 27.99
Bonprix,badpak,Corrigerend badpak level 3,2021-07-13 12:33:43,€ 31.99
Bonprix,badpak,Corrigerend badpak level 1,2021-07-13 12:33:43,€ 39.99
Bonprix,badpak,Badpak,2021-07-13 12:33:43,€ 22.99
Bonprix,badpak,Badpak,2021-07-13 12:33:43,€ 27.99
Bonprix,badpak,Badpak,2021-07-13 12:33:43,€ 28.99
Bonprix,badpak,Corrigerend badpak level 1,2021-07-13 12:33:43,€ 48.99
Bonprix,badpak,Corrigerend badpak level 3,2021-07-13 12:33:43,€ 37.99
Bonprix,badpak,Corrigerend badpak,2021-07-13 12:33:43,€ 32.99
Bonprix,badpak,Badpak,2021-07-13 12:33:43,€ 26.99
Bonprix,badpak,"Corrigerend badpak met beugels, level 1",2021-07-13 12:33:43,€ 32.99
Bonprix,badpak,Corrigerend badpak level 1,2021-07-13 12:33:43,€ 28.99
Bonprix,badpak,Corrigerend badpak level 1 duurzaam,2021-07-13 12:33:43,€ 23.99
Bonprix,badpak,Corrigerend badpak,2021-07-13 12:33:43,€ 32.99
Bonprix,badpak,Badpak,2021-07-13 12:33:43,€ 27.99
Bonprix,badpak,Corrigerend badpak level 1,2021-07-13 12:33:43,€ 23.99
Bonprix,badpak,Corrigerend badpak,2021-07-13 12:33:43,€ 31.99
Bonprix,badpak,Badpak,2021-07-13 12:33:43,€ 48.99
Bonprix,badpak,Badpak,2021-07-13 12:33:44,€ 24.99
Bonprix,badpak,Corrigerend badpak level 1,2021-07-13 12:33:44,€ 29.99 € 21.99
Bonprix,badpak,Corrigerend badpak level 1,2021-07-13 12:33:44,€ 39.99
Bonprix,badpak,Badpak,2021-07-13 12:33:44,€ 26.99
Bonprix,badpak,Duurzaam badpak,2021-07-13 12:33:44,€ 19.99
Bonprix,badpak,Corrigerend badpak,2021-07-13 12:33:44,€ 37.99
Bonprix,badpak,Corrigerend badpak level 1,2021-07-13 12:33:44,€ 36.99 € 25.99
Bonprix,badpak,Badpak,2021-07-13 12:33:44,€ 23.99
Bonprix,badpak,Corrigerend badpak level 1,2021-07-13 12:33:44,€ 25.99
Bonprix,badpak,Badpak,2021-07-13 12:33:44,€ 18.99
Bonprix,badpak,Corrigerend badpak level 1,2021-07-13 12:33:44,€ 37.99
Bonprix,badpak,Badpak,2021-07-13 12:33:44,€ 32.99
Bonprix,badpak,Corrigerend badpak,2021-07-13 12:33:44,€ 39.99
Bonprix,badpak,Badpak,2021-07-13 12:33:44,€ 22.99
Bonprix,badpak,Corrigerend badpak level 1,2021-07-13 12:33:44,€ 26.99
Bonprix,badpak,Corrigerend badpak level 3,2021-07-13 12:33:44,€ 37.99
Bonprix,badpak,"Duurzaam badpak, lang",2021-07-13 12:33:44,€ 33.99
Bonprix,badpak,Badpak,2021-07-13 12:33:44,€ 22.99
Bonprix,badpak,Corrigerend badpak level 1,2021-07-13 12:33:44,€ 32.99
Bonprix,badpak,Corrigerend badpak level 1,2021-07-13 12:33:44,€ 22.99
Bonprix,badpak,Bandeau badpak,2021-07-13 12:33:44,€ 23.99
Bonprix,badpak,Sneldrogend badpak,2021-07-13 12:33:45,€ 22.99
Bonprix,badpak,Corrigerend badpak level 1,2021-07-13 12:33:45,€ 38.99
Bonprix,badpak,Duurzaam badpak,2021-07-13 12:33:45,€ 33.99 € 19.99
Bonprix,badpak,Badpak,2021-07-13 12:33:45,€ 39.99
Bonprix,badpak,Badpak,2021-07-13 12:33:45,€ 18.99
Bonprix,badpak,Badpak,2021-07-13 12:33:45,€ 22.99
Bonprix,badpak,Corrigerend badpak level 1,2021-07-13 12:33:45,€ 46.99
Bonprix,badpak,Badpak,2021-07-13 12:33:45,€ 18.99
Bonprix,badpak,Corrigerend badpak level 1 duurzaam,2021-07-13 12:33:45,€ 37.99 € 26.99
Bonprix,badpak,Corrigerend badpak,2021-07-13 12:33:45,€ 25.99
Bonprix,badpak,Badpak,2021-07-13 12:33:45,€ 24.99
Bonprix,badpak,Bandeau badpak,2021-07-13 12:33:45,€ 27.99
Bonprix,badpak,Badpak,2021-07-13 12:33:45,€ 23.99
Bonprix,badpak,Corrigerend badpak,2021-07-13 12:33:45,€ 48.99
Bonprix,badpak,Badpak voor lange vrouwen,2021-07-13 12:33:45,€ 29.99 € 24.99
Bonprix,badpak,Badpak,2021-07-13 12:33:45,€ 27.99
Bonprix,badpak,Corrigerend badpak level 3,2021-07-13 12:33:45,€ 36.99 € 27.99
Bonprix,badpak,Sneldrogend badpak,2021-07-13 12:33:45,€ 19.99
Bonprix,badpak,Badpak,2021-07-13 12:33:45,€ 27.99 € 18.99
Bonprix,badpak,Corrigerend badpak level 1,2021-07-13 12:33:45,€ 31.99
Bonprix,badpak,PRIDE duurzaam badpak,2021-07-13 12:33:45,€ 27.99
Bonprix,badpak,Badpak,2021-07-13 12:33:45,€ 34.99
Bonprix,badpak,Badpak,2021-07-13 12:33:46,€ 19.99
Bonprix,badpak,Corrigerend badpak level 1,2021-07-13 12:33:46,€ 19.99
Bonprix,badpak,Badpak,2021-07-13 12:33:46,€ 26.99
Bonprix,badpak,Corrigerend badpak level 1,2021-07-13 12:33:46,€ 25.99
Bonprix,badpak,"Duurzaam badpak, lang",2021-07-13 12:33:46,€ 19.99
Bonprix,badpak,Badpak,2021-07-13 12:33:46,€ 26.99
Bonprix,badpak,Badpak,2021-07-13 12:33:46,€ 27.99
Bonprix,badpak,Corrigerend badpak level 1,2021-07-13 12:33:46,€ 19.99
Bonprix,badpak,Badpak,2021-07-13 12:33:46,€ 23.99
Bonprix,badpak,Bandeau badpak,2021-07-13 12:33:46,€ 19.99
Bonprix,badpak,Bandeau badpak,2021-07-13 12:33:46,€ 19.99
Bonprix,badpak,Badpak,2021-07-13 12:33:46,€ 19.99
Bonprix,badpak,Badpak,2021-07-13 12:33:46,€ 19.99
Bonprix,badpak,Duurzaam badpak,2021-07-13 12:33:46,€ 19.99
Bonprix,badpak,Corrigerend badpak level 1,2021-07-13 12:33:46,€ 37.99
Bonprix,badpak,Corrigerend badpak level 1 duurzaam,2021-07-13 12:33:46,€ 38.99 € 23.99
Bonprix,badpak,Badpak voor lange vrouwen,2021-07-13 12:33:46,€ 31.99
Bonprix,pyjama,Shortama (2-dlg. set),2021-07-13 12:34:08,€ 12.99
Bonprix,pyjama,Capri pyjama met korte mouwen (2-dlg.),2021-07-13 12:34:08,€ 18.99
Bonprix,pyjama,Capri pyjama (2-dlg. set),2021-07-13 12:34:08,€ 16.99
Bonprix,pyjama,Capri pyjama (2-dlg. set),2021-07-13 12:34:08,€ 19.99
Bonprix,pyjama,Shortama van biologisch katoen (2-dlg. set),2021-07-13 12:34:08,€ 15.99
Bonprix,pyjama,Shortama (2-dlg. set),2021-07-13 12:34:09,€ 14.99
Bonprix,pyjama,Capri pyjama (2-dlg. set),2021-07-13 12:34:09,€ 21.99
Bonprix,pyjama,Shortama met korte legging (2-dlg. set),2021-07-13 12:34:09,€ 17.99
Bonprix,pyjama,Shortama van biologisch katoen (2-dlg.),2021-07-13 12:34:09,€ 12.99
Bonprix,pyjama,Pyjama (2-dlg.),2021-07-13 12:34:09,€ 21.99
Bonprix,pyjama,Shortama (2-dlg. set),2021-07-13 12:34:09,€ 15.99
Bonprix,pyjama,Shortama (2-dlg. set),2021-07-13 12:34:09,€ 14.99
Bonprix,pyjama,Shortama (2-dlg.),2021-07-13 12:34:09,€ 11.99
Bonprix,pyjama,Shortama (2-dlg.),2021-07-13 12:34:09,€ 14.99
Bonprix,pyjama,Shortama met spaghettibandjes (2-dlg. set),2021-07-13 12:34:09,€ 17.99
Bonprix,pyjama,Shortama (2-dlg.),2021-07-13 12:34:09,€ 18.99
Bonprix,pyjama,Top en short (2-dlg. set),2021-07-13 12:34:09,€ 17.99
Bonprix,pyjama,Voedingspyjama van biologisch katoen (2-dlg. set),2021-07-13 12:34:09,€ 21.99
Bonprix,pyjama,Shortama (2-dlg.),2021-07-13 12:34:09,€ 12.99 € 9.99
Bonprix,pyjama,Shortama met capuchon en LENZING™ ECOVERO™,2021-07-13 12:34:09,€ 16.99
Bonprix,pyjama,Shortama van biologisch katoen (2-dlg. set),2021-07-13 12:34:09,€ 12.99
Bonprix,pyjama,Voedingspyjama van biologisch katoen (2-dlg. set),2021-07-13 12:34:09,€ 19.99
Bonprix,pyjama,Shortama (2-dlg. set),2021-07-13 12:34:09,€ 11.99
Bonprix,pyjama,Shortama met geweven short (2-dlg. set),2021-07-13 12:34:09,€ 14.99
Bonprix,pyjama,Jumpsuit,2021-07-13 12:34:09,€ 18.99
Bonprix,pyjama,Pyjama van zacht materiaal (2-dlg.),2021-07-13 12:34:09,€ 26.99
Bonprix,pyjama,Pyjama met oversized shirt (2-dlg. set),2021-07-13 12:34:09,€ 18.99
Bonprix,pyjama,Top en hipster (2-dlg. set),2021-07-13 12:34:09,€ 18.99
Bonprix,pyjama,Shortama (2-dlg.),2021-07-13 12:34:10,€ 16.99
Bonprix,pyjama,Voedingspyjama van biologisch katoen (2-dlg.),2021-07-13 12:34:10,€ 15.99
Bonprix,pyjama,Shortama (2-dlg.),2021-07-13 12:34:10,€ 15.99
Bonprix,pyjama,Shortama met spaghettibandjes (2-dlg. set),2021-07-13 12:34:10,€ 15.99
Bonprix,pyjama,Voedingsshortama (2-dlg. set),2021-07-13 12:34:10,€ 19.99
Bonprix,pyjama,Top en slip (2-dlg. set),2021-07-13 12:34:10,€ 19.99
Bonprix,pyjama,Sweat onesie,2021-07-13 12:34:10,€ 39.99
Bonprix,pyjama,Shortama (2-dlg. set),2021-07-13 12:34:10,€ 14.99
Bonprix,pyjama,Shortama (2-dlg. set),2021-07-13 12:34:10,€ 14.99
Bonprix,pyjama,Shortama van biologisch katoen (2-dlg.),2021-07-13 12:34:10,€ 14.99
Bonprix,pyjama,Shorty (2-dlg.),2021-07-13 12:34:10,€ 18.99
Bonprix,pyjama,Capri pyjama (2-dlg. set),2021-07-13 12:34:10,€ 12.99
Bonprix,pyjama,Shortama met LENZING™ ECOVERO™,2021-07-13 12:34:10,€ 14.99
Bonprix,pyjama,Shortama van biologisch katoen (2-dlg.),2021-07-13 12:34:10,€ 14.99
Bonprix,pyjama,Shortama,2021-07-13 12:34:10,€ 12.99
Bonprix,pyjama,Shortama (2-dlg.),2021-07-13 12:34:10,€ 14.99
Bonprix,pyjama,Shortama van biologisch katoen (2-dlg.),2021-07-13 12:34:10,€ 15.99
Bonprix,pyjama,Capri pyjama (2-dlg.),2021-07-13 12:34:10,€ 17.99
Bonprix,pyjama,Pyjama met capri legging (2-dlg. set),2021-07-13 12:34:10,€ 14.99
Bonprix,pyjama,Shortama (2-dlg. set),2021-07-13 12:34:10,€ 11.99
Bonprix,pyjama,Shortama van biologisch katoen (2-dlg.),2021-07-13 12:34:10,€ 15.99
Bonprix,pyjama,Pyjama met flanellen broek (2-dlg. set),2021-07-13 12:34:10,€ 19.99
Bonprix,pyjama,Shortama (2-dlg.),2021-07-13 12:34:10,€ 17.99
Bonprix,pyjama,Shortama met spaghettibandjes (2-dlg. set),2021-07-13 12:34:10,€ 14.99
Bonprix,pyjama,Shorty+slaapmasker,2021-07-13 12:34:11,€ 15.99
Bonprix,pyjama,Capri pyjama van biologisch katoen (2-dlg.),2021-07-13 12:34:11,€ 17.99
Bonprix,pyjama,Shortama van biologisch katoen (2-dlg.),2021-07-13 12:34:11,€ 12.99
Bonprix,pyjama,Shorty,2021-07-13 12:34:11,€ 14.99
Bonprix,pyjama,Pyjama (2-dlg.),2021-07-13 12:34:11,€ 15.99
Bonprix,pyjama,Pyjama van biologisch katoen (2-dlg. set),2021-07-13 12:34:11,€ 16.99
Bonprix,pyjama,Pyjama (2-dlg.),2021-07-13 12:34:11,€ 19.99
Bonprix,pyjama,Voedingspyjama (2-dlg.),2021-07-13 12:34:11,€ 19.99 € 12.99
Bonprix,pyjama,Shorty (2-dlg. set),2021-07-13 12:34:11,€ 12.99
Bonprix,jas,Lang jack van jersey,2021-07-13 12:34:34,€ 31.99
Bonprix,jas,"Imitatieleren jas, slim fit",2021-07-13 12:34:34,€ 49.99
Bonprix,jas,Lang jack van ultralicht dons,2021-07-13 12:34:34,€ 57.99
Bonprix,jas,"Lang jack met capuchon, gewatteerd",2021-07-13 12:34:34,€ 69.99
Bonprix,jas,Jack,2021-07-13 12:34:34,€ 48.99
Bonprix,jas,Jas,2021-07-13 12:34:34,€ 24.99
Bonprix,jas,Jas van Maite Kelly,2021-07-13 12:34:34,€ 39.99
Bonprix,jas,Lang jack met imitatiebont,2021-07-13 12:34:34,€ 49.99
Bonprix,jas,Imitatieleren jas,2021-07-13 12:34:34,€ 49.99
Bonprix,jas,Jack,2021-07-13 12:34:34,€ 51.99
Bonprix,jas,Imitatieleren jas met stretch inzetten opzij,2021-07-13 12:34:34,€ 58.99
Bonprix,jas,Sofshell jas met print,2021-07-13 12:34:34,€ 69.99
Bonprix,jas,"Licht gevoerde, lange outdoor jas met tunnelkoord",2021-07-13 12:34:34,€ 32.99
Bonprix,jas,Jack,2021-07-13 12:34:34,€ 38.99
Bonprix,jas,Lange jas,2021-07-13 12:34:35,€ 41.99
Bonprix,jas,Imitatieleren jas,2021-07-13 12:34:35,€ 37.99 € 22.99
Bonprix,jas,Softshell jas,2021-07-13 12:34:35,€ 57.99
Bonprix,jas,Softshell jas,2021-07-13 12:34:35,€ 54.99
Bonprix,jas,Jas met studs,2021-07-13 12:34:35,€ 29.99 € 19.99
Bonprix,jas,Bomber,2021-07-13 12:34:35,€ 39.99
Bonprix,jas,Zomerparka,2021-07-13 12:34:35,€ 24.99 € 11.99
Bonprix,jas,Outdoor jas met gerecycled polyester,2021-07-13 12:34:35,€ 37.99
Bonprix,jas,Bikerjack van imitatieleer,2021-07-13 12:34:35,€ 45.99
Bonprix,jas,Winterjas in 2-in-1 look,2021-07-13 12:34:35,€ 51.99
Bonprix,jas,Gedessineerde parka van katoen met capuchon,2021-07-13 12:34:35,€ 49.99
Bonprix,jas,Lange outdoor jas met imitatiebont,2021-07-13 12:34:35,€ 69.99
Bonprix,jas,Softshell jas,2021-07-13 12:34:35,€ 51.99
Bonprix,jas,Blazer met kanten mouwen,2021-07-13 12:34:35,€ 28.99
Bonprix,jas,Outdoor jas,2021-07-13 12:34:35,€ 19.99 € 15.99
Bonprix,jas,Imitatieleren jas,2021-07-13 12:34:35,€ 29.99
Bonprix,jas,Lange gewatteerde jas met capuchon,2021-07-13 12:34:35,€ 39.99
Bonprix,jas,Gewatteerde jas met contrasten,2021-07-13 12:34:35,€ 45.99
Bonprix,jas,"Lichte, gewatteerde jas",2021-07-13 12:34:35,€ 44.99
Bonprix,jas,Imitatieleren jas,2021-07-13 12:34:36,€ 63.99
Bonprix,jas,Lange jas in wollen look in trenchcoatlook,2021-07-13 12:34:36,€ 45.99
Bonprix,jas,Jas,2021-07-13 12:34:36,€ 49.99
Bonprix,jas,Gewatteerde jas,2021-07-13 12:34:36,€ 42.99
Bonprix,jas,Lange jas met imitatiebont,2021-07-13 12:34:36,€ 69.99
Bonprix,jas,Lange gewatteerde jas,2021-07-13 12:34:36,€ 51.99
Bonprix,jas,Jas,2021-07-13 12:34:36,€ 79.99
Bonprix,jas,Lange wollen jas,2021-07-13 12:34:36,€ 49.99
Bonprix,jas,Outdoor jas met zakken,2021-07-13 12:34:36,€ 54.99 € 28.99
Bonprix,jas,Outdoor jas met extra hoge kraag,2021-07-13 12:34:36,€ 35.99 € 34.99
Bonprix,jas,Lang outdoor jack,2021-07-13 12:34:36,€ 69.99
Bonprix,jas,Lange jas in wollen look,2021-07-13 12:34:36,€ 69.99
Bonprix,jas,Linnen jas,2021-07-13 12:34:36,€ 29.99 € 25.99
Bonprix,jas,Gewatteerde jas,2021-07-13 12:34:36,€ 49.99
Bonprix,jas,Lange jas met wijde kraag,2021-07-13 12:34:36,€ 69.99
Bonprix,jas,Gevoerde zwangerschapsjas / draagjas,2021-07-13 12:34:36,€ 69.99
Bonprix,jas,Lange jas met borduursel,2021-07-13 12:34:36,€ 92.99
Bonprix,jas,"Lange, gewatteerde jas in twee kleuren",2021-07-13 12:34:36,€ 31.99
Bonprix,jas,Gewatteerde all-weather jas,2021-07-13 12:34:36,€ 59.99
Bonprix,jas,Jas in suède look,2021-07-13 12:34:36,€ 57.99
Bonprix,jas,Lang jack met imitatiebont,2021-07-13 12:34:36,€ 59.99
Bonprix,jas,Lange jas,2021-07-13 12:34:36,€ 59.99
Bonprix,jas,Spijkerjas met applicatie,2021-07-13 12:34:36,€ 52.99
Bonprix,jas,Imitatieleren jas met fake fur,2021-07-13 12:34:37,€ 69.99
Bonprix,jas,Imitatiesuède jas,2021-07-13 12:34:37,€ 36.99 € 29.99
Bonprix,jas,Houtje touwtje jas met capuchon,2021-07-13 12:34:37,€ 51.99
Bonprix,jas,Lange jas in O-lijn,2021-07-13 12:34:37,€ 81.99
Bonprix,jas,Jas,2021-07-13 12:34:37,€ 49.99
Bonprix,jas,Imitatieleren jas met fake fur,2021-07-13 12:34:37,€ 48.99
Bonprix,jas,Lange winterjas met teddy kraag,2021-07-13 12:34:37,€ 63.99
Bonprix,jas,Jas met teddyfleece en capuchon,2021-07-13 12:34:37,€ 44.99
Bonprix,jas,Gewatteerde jas met grote sjaalkraag,2021-07-13 12:34:37,€ 67.99 € 27.99
Bonprix,jas,Gevoerde houtje touwtje jas van corduroy,2021-07-13 12:34:37,€ 49.99
Bonprix,jas,Jas met gevoerde capuchon,2021-07-13 12:34:37,€ 49.99
Bonprix,jas,Lang jack met verplaatste ritssluiting,2021-07-13 12:34:37,€ 61.99
Bonprix,jas,Jas,2021-07-13 12:34:37,€ 49.99
Bonprix,jas,Donsjas in 2-in-1 look,2021-07-13 12:34:37,€ 57.99
Bonprix,jas,Houtje touwtje jas met licht dons,2021-07-13 12:34:37,€ 59.99
Bonprix,jas,Outdoor jas met reflecterende details,2021-07-13 12:34:37,€ 59.99
Bonprix,jas,Jas met capuchon en opgestikte zakken,2021-07-13 12:34:37,€ 29.99
Bonprix,jas,Jas met opstaande kraag,2021-07-13 12:34:37,€ 41.99
Bonprix,jas,Lange jas van een materiaalmix,2021-07-13 12:34:37,€ 69.99
Bonprix,jas,Gewatteerde jas met fleece inzet,2021-07-13 12:34:37,€ 48.99
Bonprix,jas,Gewatteerde winterjas,2021-07-13 12:34:37,€ 59.99
Bonprix,jas,Korte coat met ruiten,2021-07-13 12:34:37,€ 49.99
Bonprix,jas,Outdoor jas,2021-07-13 12:34:38,€ 79.99
Bonprix,jas,Lang jack van bouclé,2021-07-13 12:34:38,€ 69.99
Bonprix,jas,Imitatieleren jas,2021-07-13 12:34:38,€ 49.99
Bonprix,jas,Gewatteerde jas met verstelbare tailleband,2021-07-13 12:34:38,€ 45.99
Bonprix,jas,Winterjas,2021-07-13 12:34:38,€ 51.99
Bonprix,jas,"Zwangerschapsjas met capuchon, verstelbaar",2021-07-13 12:34:38,€ 44.99
Bonprix,jas,Gewatteerde outdoor jas,2021-07-13 12:34:38,€ 69.99
Bonprix,jas,Softshell jas,2021-07-13 12:34:38,€ 49.99
Bonprix,jas,Jas met dino op de capuchon,2021-07-13 12:34:38,€ 28.99
Bonprix,jas,Gewatteerde jas met print,2021-07-13 12:34:38,€ 63.99
Bonprix,jas,Lange jas van een wolmix,2021-07-13 12:34:38,€ 44.99
Bonprix,jas,Korte coat met reverskraag,2021-07-13 12:34:38,€ 63.99
Bonprix,jas,Jas met teddy,2021-07-13 12:34:38,€ 39.99
Bonprix,jas,Lange imitatie bontjas,2021-07-13 12:34:38,€ 45.99
Bonprix,jas,Lange jas,2021-07-13 12:34:38,€ 62.99
Bonprix,jas,Lange jas van imitatiebont,2021-07-13 12:34:38,€ 81.99
Bonprix,jas,Korte coat,2021-07-13 12:34:38,€ 69.99
Bonprix,jas,Outdoor jas,2021-07-13 12:34:38,€ 54.99
Bonprix,jas,Spijkerjas met siersteentjes,2021-07-13 12:34:38,€ 52.99
Bonprix,jas,Lange softshell jas,2021-07-13 12:34:38,€ 44.99
Bonprix,jas,Trenchcoat,2021-07-13 12:34:38,€ 36.99 € 29.99
Bonprix,jas,Korte parka met opstaande kraag,2021-07-13 12:34:38,€ 52.99
Bonprix,spiegel,Spiegel,2021-07-13 12:35:01,€ 74.99
Bonprix,spiegel,Wanddecoratie cirkels met spiegels,2021-07-13 12:35:01,€ 98.99
Bonprix,spiegel,Schoenenkast met spiegel,2021-07-13 12:35:02,€ 199.99
Bonprix,spiegel,Spiegelkast «Ted»,2021-07-13 12:35:02,€ 84.99
Bonprix,spiegel,Wandkaarsenhouder in antieke look (set van 2),2021-07-13 12:35:02,€ 27.99
Bonprix,spiegel,Toilettafel met ovale spiegel,2021-07-13 12:35:02,€ 219.99
Bonprix,spiegel,Badkamerspiegel,2021-07-13 12:35:02,€ 149.99 € 119.99
Bonprix,spiegel,Wanddecoratie met spiegels,2021-07-13 12:35:02,€ 39.99 € 29.99
Bonprix,spiegel,Wanddecoratie met spiegel,2021-07-13 12:35:02,€ 94.99 € 74.99
